FLEX Rank,Rank (PPR),Player,Pos,Pos Rank Label,Team,Teams,G,G Active,PPR Pts,PPR PPG,Half PPR Pts,Half PPR PPG,Std Pts,Std PPG,Rank (PPG),Pos Rank,Pos Rank (PPG),Rank Delta,Rank (Half),Rank (Std),VOR PPG,VORP Total,Tier,Floor (P10),Ceiling (P90),Median Wk,Std Dev,CV,Best Wk,Worst Wk,Boom Wks,Boom Rate,Bust Wks,Bust Rate,Starter Wks,Starter Wk Rate,Top 5 Wks,Best Pos Finish,Touches,Touches/G,Opportunities,Opp/G,Target Share (Avg),Scrim Yds,Scrim Yds/G,Total Yds,Total TDs,TDs/G,First Downs,Turnovers,Fumbles Lost,2PT Conv,Pts/Touch,Pts/Opp,Yds/Touch,YPC,YPR,YPT,Catch Rate,TD Rate,aDOT,YAC/Rec,Comp,Att,Pass Yds,Pass TD,INT,Comp %,YPA,Air Yds/Att,TD:INT,Sack Rate,Carries,Rush Yds,Rush TD,Targets,Rec,Rec Yds,Rec TD
1,1,Christian McCaffrey,RB,RB1,SF,SF,17,17,416.6,24.51,365.6,21.51,314.6,18.51,1.0,1,1.0,0.0,1,7,13.58,230.8,1.0,14.1,34.62,24.1,8.22,0.3356,39.1,9.8,12,0.7059,1,0.0588,16,0.9412,9,1.0,413,24.29,440,25.88,0.2335,2126,125.06,2126,17,1.0,119,0,0,0,1.01,0.95,5.15,3.86,9.06,7.16,0.7907,0.0412,2.6,7.06,0,1,0,0,0,0.0,0.0,14.0,,0.0,311,1202,10,129,102,924,7
2,2,Puka Nacua,WR,WR1,LA,LA,16,16,375.0,23.44,310.5,19.41,246.0,15.38,2.0,1,1.0,0.0,11,20,12.84,205.4,1.0,13.75,35.85,22.95,10.21,0.4356,46.5,4.8,10,0.625,1,0.0625,15,0.9375,9,1.0,139,8.69,176,11.0,0.3013,1820,113.75,1820,11,0.69,85,1,1,0,2.7,2.13,13.09,10.5,13.29,10.33,0.7771,0.0791,9.43,5.16,0,0,0,0,0,,,,,,10,105,1,166,129,1715,10
3,3,Bijan Robinson,RB,RB2,ATL,ATL,17,17,370.8,21.81,331.3,19.49,291.8,17.16,4.0,2,2.0,-1.0,7,12,10.88,185.0,2.0,8.56,32.5,21.2,10.26,0.4703,39.9,5.8,9,0.5294,3,0.1765,14,0.8235,9,1.0,366,21.53,390,22.94,0.1976,2298,135.18,2298,11,0.65,97,3,3,1,1.01,0.95,6.28,5.15,10.38,7.96,0.767,0.0301,0.98,10.85,0,0,0,0,0,,,,,,287,1478,7,103,79,820,4
4,4,Jahmyr Gibbs,RB,RB3,DET,DET,17,17,366.9,21.58,328.4,19.32,289.9,17.05,5.0,3,3.0,-1.0,8,13,10.65,181.1,2.0,7.06,37.48,19.4,13.53,0.6268,55.4,5.8,7,0.4118,4,0.2353,12,0.7059,6,1.0,320,18.82,337,19.82,0.1615,1839,108.18,1839,18,1.06,84,1,1,0,1.15,1.09,5.75,5.03,8.0,6.55,0.8191,0.0562,0.57,7.99,0,0,0,0,0,,,,,,243,1223,13,94,77,616,5
5,6,Jonathan Taylor,RB,RB4,IND,IND,17,17,362.3,21.31,339.3,19.96,316.3,18.61,6.0,4,4.0,0.0,5,6,10.38,176.5,2.0,8.24,35.48,16.9,12.44,0.5838,49.6,5.9,7,0.4118,3,0.1765,14,0.8235,6,1.0,369,21.71,378,22.24,0.1098,1963,115.47,1963,20,1.18,99,1,1,1,0.98,0.96,5.32,4.91,8.22,6.87,0.8364,0.0542,-0.82,9.43,0,0,0,0,0,,,,,,323,1585,18,55,46,378,2
6,7,Jaxon Smith-Njigba,WR,WR2,SEA,SEA,17,17,359.9,21.17,300.4,17.67,240.9,14.17,7.0,2,2.0,0.0,14,22,10.57,179.7,2.0,13.84,28.94,20.6,7.48,0.3534,37.1,4.3,10,0.5882,1,0.0588,16,0.9412,4,1.0,126,7.41,170,10.0,0.3677,1829,107.59,1829,10,0.59,81,1,1,0,2.86,2.12,14.52,5.14,15.07,11.0,0.7301,0.0794,11.25,4.44,0,0,0,0,0,,,,,,7,36,0,163,119,1793,10
7,11,Amon-Ra St. Brown,WR,WR3,DET,DET,17,17,324.0,19.06,265.5,15.62,207.0,12.18,15.0,3,4.0,-4.0,22,35,8.46,143.8,3.0,7.58,33.62,18.0,10.93,0.5734,41.4,0.0,7,0.4118,4,0.2353,13,0.7647,5,1.0,120,7.06,175,10.29,0.3166,1410,82.94,1410,11,0.65,72,0,0,0,2.7,1.85,11.75,3.0,11.97,8.15,0.6802,0.0917,8.08,4.87,0,0,0,0,0,,,,,,3,9,0,172,117,1401,11
8,12,De'Von Achane,RB,RB5,MIA,MIA,16,16,322.8,20.18,289.3,18.08,255.8,15.99,11.0,5,5.0,1.0,16,19,9.25,147.93,2.0,15.15,28.6,17.75,7.02,0.3477,40.5,12.8,5,0.3125,0,0.0,16,1.0,3,2.0,305,19.06,323,20.19,0.1875,1838,114.88,1838,12,0.75,79,0,0,0,1.06,1.0,6.03,5.67,7.28,5.74,0.7882,0.0393,0.41,8.24,0,0,0,0,0,,,,,,238,1350,8,85,67,488,4
9,14,Trey McBride,TE,TE1,ARI,ARI,17,17,315.9,18.58,252.9,14.88,189.9,11.17,19.0,1,1.0,-5.0,23,41,8.0,136.0,1.0,10.12,28.38,16.5,8.37,0.4502,37.4,6.7,10,0.5882,1,0.0588,15,0.8824,9,1.0,126,7.41,169,9.94,0.2789,1239,72.88,1239,11,0.65,63,0,0,0,2.51,1.87,9.83,,9.83,7.33,0.7456,0.0873,6.66,4.63,0,0,0,0,0,,,,,,0,0,0,169,126,1239,11
10,16,Ja'Marr Chase,WR,WR4,CIN,CIN,16,16,313.6,19.6,251.1,15.69,188.6,11.79,14.0,4,3.0,2.0,24,42,9.0,144.0,3.0,6.65,32.75,20.5,10.26,0.5236,38.1,4.6,8,0.5,4,0.25,12,0.75,7,1.0,128,8.0,188,11.75,0.3207,1426,89.12,1426,8,0.5,73,1,1,0,2.45,1.67,11.14,4.67,11.3,7.63,0.6757,0.0625,8.49,5.12,0,0,0,0,0,,,,,,3,14,0,185,125,1412,8
11,18,James Cook,RB,RB6,BUF,BUF,17,17,302.2,17.78,285.7,16.81,269.2,15.84,23.0,6,6.0,-5.0,18,17,6.85,116.4,3.0,7.18,28.34,20.4,9.2,0.5176,33.6,1.5,9,0.5294,4,0.2353,12,0.7059,4,2.0,342,20.12,349,20.53,0.0819,1912,112.47,1912,14,0.82,79,3,3,0,0.88,0.87,5.59,5.25,8.82,7.28,0.825,0.0409,1.4,8.24,0,0,0,0,0,,,,,,309,1621,12,40,33,291,2
12,21,George Pickens,WR,WR5,DAL,DAL,17,17,291.9,17.17,245.4,14.44,198.9,11.7,27.0,5,6.0,-6.0,26,37,6.57,111.7,4.0,6.18,30.48,14.8,9.65,0.562,33.4,1.9,5,0.2941,4,0.2353,14,0.8235,5,1.0,93,5.47,137,8.06,0.2252,1429,84.06,1429,9,0.53,73,0,0,1,3.14,2.13,15.37,,15.37,10.43,0.6788,0.0968,11.29,5.15,0,0,0,0,0,,,,,,0,0,0,137,93,1429,9
13,24,Chase Brown,RB,RB7,CIN,CIN,17,17,282.6,16.62,248.1,14.59,213.6,12.56,31.0,7,7.0,-7.0,25,32,5.69,96.8,3.0,8.74,26.94,16.0,7.35,0.4419,32.9,6.0,3,0.1765,3,0.1765,14,0.8235,3,1.0,301,17.71,320,18.82,0.1432,1456,85.65,1456,11,0.65,70,0,0,1,0.94,0.88,4.84,4.39,6.33,4.97,0.7841,0.0365,0.52,6.52,0,0,0,0,0,,,,,,232,1019,6,88,69,437,5
14,25,Derrick Henry,RB,RB8,BAL,BAL,17,17,279.5,16.44,272.0,16.0,264.5,15.56,33.0,8,8.0,-8.0,20,18,5.51,93.7,3.0,8.7,25.36,13.1,10.0,0.6084,45.6,2.3,5,0.2941,4,0.2353,12,0.7059,3,1.0,322,18.94,328,19.29,0.0488,1745,102.65,1745,16,0.94,83,3,3,0,0.87,0.85,5.42,5.2,10.0,7.14,0.7143,0.0497,0.57,9.0,0,1,0,0,0,0.0,0.0,10.0,,0.0,307,1595,16,21,15,150,0
15,27,Chris Olave,WR,WR6,NO,NO,16,16,268.0,16.75,218.0,13.62,168.0,10.5,30.0,6,8.0,-3.0,38,50,6.15,98.4,4.0,8.85,26.35,15.2,7.91,0.4725,36.8,6.0,5,0.3125,3,0.1875,13,0.8125,3,2.0,101,6.31,157,9.81,0.2918,1160,72.5,1160,9,0.56,53,1,0,0,2.65,1.71,11.49,-3.0,11.63,7.46,0.641,0.0891,11.8,2.89,0,1,0,0,1,0.0,0.0,4.0,0.0,0.0,1,-3,0,156,100,1163,9
16,28,Kyren Williams,RB,RB9,LA,LA,17,17,263.3,15.49,245.3,14.43,227.3,13.37,43.0,9,11.0,-15.0,27,26,4.56,77.5,3.0,9.4,22.04,16.0,6.11,0.3948,31.1,5.8,3,0.1765,3,0.1765,12,0.7059,2,3.0,295,17.35,309,18.18,0.0808,1533,90.18,1533,13,0.76,86,2,2,0,0.89,0.85,5.2,4.83,7.81,5.62,0.72,0.0441,2.5,4.31,0,0,0,0,0,,,,,,259,1252,10,50,36,281,3
17,29,Travis Etienne,RB,RB10,JAX,JAX,17,17,253.9,14.94,235.9,13.88,217.9,12.82,48.0,10,14.0,-19.0,29,30,4.01,68.1,3.0,5.94,20.84,16.5,6.94,0.465,31.5,4.8,3,0.1765,5,0.2941,13,0.7647,2,1.0,296,17.41,312,18.35,0.0976,1399,82.29,1399,13,0.76,62,0,0,0,0.86,0.81,4.73,4.26,8.11,5.62,0.6923,0.0439,-1.46,9.42,0,0,0,0,0,,,,,,260,1107,7,52,36,292,6
18,30,Ashton Jeanty,RB,RB11,LV,LV,17,17,245.1,14.42,217.6,12.8,190.1,11.18,55.0,11,16.0,-25.0,39,40,3.49,59.3,3.0,6.1,27.6,12.1,8.69,0.6024,33.5,4.4,3,0.1765,7,0.4118,11,0.6471,4,1.0,321,18.88,339,19.94,0.1476,1321,77.71,1321,10,0.59,57,1,1,0,0.76,0.72,4.12,3.67,6.29,4.74,0.7534,0.0312,-1.42,8.22,0,0,0,0,0,,,,,,266,975,5,73,55,346,5
19,31,Zay Flowers,WR,WR7,BAL,BAL,17,17,243.3,14.31,200.3,11.78,157.3,9.25,57.0,7,13.0,-26.0,44,57,3.71,63.1,4.0,6.48,23.96,13.0,7.48,0.5229,29.8,0.6,4,0.2353,3,0.1765,14,0.8235,2,1.0,96,5.65,128,7.53,0.2988,1273,74.88,1273,6,0.35,51,3,3,0,2.53,1.9,13.26,6.2,14.08,10.26,0.7288,0.0625,10.2,5.33,0,0,0,0,0,,,,,,10,62,1,118,86,1211,5
20,32,Javonte Williams,RB,RB12,DAL,DAL,16,16,242.8,15.18,225.3,14.08,207.8,12.99,45.0,12,12.0,-13.0,35,34,4.25,67.93,3.0,7.85,22.7,14.9,6.02,0.3965,26.9,6.3,3,0.1875,3,0.1875,12,0.75,2,4.0,287,17.94,303,18.94,0.086,1338,83.62,1338,13,0.81,74,2,2,0,0.85,0.8,4.66,4.77,3.91,2.69,0.6863,0.0453,-1.31,5.89,0,0,0,0,0,,,,,,252,1201,11,51,35,137,2
21,34,Josh Jacobs,RB,RB13,GB,GB,15,15,237.1,15.81,219.1,14.61,201.1,13.41,40.0,13,10.0,-6.0,36,36,4.88,73.16,3.0,4.32,28.3,14.4,9.02,0.5706,32.0,1.3,4,0.2667,3,0.2,11,0.7333,3,2.0,270,18.0,278,18.53,0.1015,1211,80.73,1211,14,0.93,63,2,2,0,0.88,0.85,4.49,3.97,7.83,6.41,0.8182,0.0519,-0.89,8.44,0,0,0,0,0,,,,,,234,929,13,44,36,282,1
22,37,Saquon Barkley,RB,RB14,PHI,PHI,16,16,232.3,14.52,213.8,13.36,195.3,12.21,54.0,14,15.0,-17.0,41,38,3.59,57.43,3.0,6.2,19.8,15.15,7.19,0.4955,33.4,5.2,2,0.125,6,0.375,11,0.6875,1,3.0,317,19.81,330,20.62,0.1205,1413,88.31,1413,9,0.56,59,1,1,1,0.73,0.7,4.46,4.07,7.38,5.46,0.74,0.0284,0.62,8.0,0,0,0,0,0,,,,,,280,1140,7,50,37,273,2
23,38,D'Andre Swift,RB,RB15,CHI,CHI,16,16,228.6,14.29,211.6,13.22,194.6,12.16,58.0,15,17.0,-20.0,42,39,3.36,53.73,3.0,7.4,22.25,14.35,6.67,0.4669,25.5,1.9,5,0.3125,5,0.3125,11,0.6875,1,3.0,257,16.06,271,16.94,0.0935,1386,86.62,1386,10,0.62,73,2,2,0,0.89,0.84,5.39,4.87,8.79,6.23,0.7083,0.0389,-0.52,10.5,0,0,0,0,0,,,,,,223,1087,9,48,34,299,1
24,42,Nico Collins,WR,WR8,HOU,HOU,15,15,226.2,15.08,190.7,12.71,155.2,10.35,46.0,8,11.0,-4.0,48,58,4.48,67.2,4.0,7.42,23.14,14.5,6.5,0.431,24.2,5.5,5,0.3333,5,0.3333,11,0.7333,3,4.0,73,4.87,122,8.13,0.2424,1132,75.47,1132,7,0.47,49,1,1,1,3.1,1.85,15.51,7.5,15.73,9.31,0.5917,0.0959,12.74,4.56,0,0,0,0,0,,,,,,2,15,1,120,71,1117,6
25,43,Davante Adams,WR,WR9,LA,LA,14,14,222.9,15.92,192.9,13.78,162.9,11.64,38.0,9,9.0,5.0,47,51,5.32,74.5,4.0,7.34,23.14,15.1,6.84,0.4296,26.5,6.9,5,0.3571,4,0.2857,10,0.7143,1,3.0,60,4.29,114,8.14,0.2515,789,56.36,789,14,1.0,51,0,0,0,3.72,1.96,13.15,,13.15,6.92,0.5263,0.2333,12.67,1.95,0,0,0,0,0,,,,,,0,0,0,114,60,789,14
26,44,Kenny Gainwell,RB,RB16,PIT,PIT,17,17,221.3,13.02,184.8,10.87,148.3,8.72,73.0,16,20.0,-29.0,53,62,2.09,35.5,3.0,3.5,26.08,9.6,9.38,0.7204,31.4,2.4,4,0.2353,10,0.5882,8,0.4706,3,3.0,187,11.0,199,11.71,0.163,1023,60.18,1023,8,0.47,57,1,1,0,1.18,1.11,5.47,4.71,6.66,5.72,0.8588,0.0428,-0.2,7.23,0,0,0,0,0,,,,,,114,537,5,85,73,486,3
27,45,Michael Wilson,WR,WR10,ARI,ARI,17,17,220.6,12.98,181.6,10.68,142.6,8.39,75.0,10,21.0,-30.0,57,70,2.38,40.4,4.0,2.76,26.48,8.4,10.6,0.8171,37.2,1.5,4,0.2353,10,0.5882,7,0.4118,2,1.0,78,4.59,126,7.41,0.1922,1006,59.18,1006,7,0.41,51,0,0,0,2.83,1.75,12.9,,12.9,7.98,0.619,0.0897,11.92,3.5,0,0,0,0,0,,,,,,0,0,0,126,78,1006,7
28,46,A.J. Brown,WR,WR11,PHI,PHI,15,15,220.3,14.69,181.3,12.09,142.3,9.49,50.0,11,12.0,-4.0,58,71,4.09,61.3,4.0,2.94,26.86,12.1,9.75,0.664,35.2,1.8,4,0.2667,5,0.3333,10,0.6667,4,1.0,78,5.2,121,8.07,0.2866,1003,66.87,1003,7,0.47,47,0,0,0,2.82,1.82,12.86,,12.86,8.29,0.6446,0.0897,11.78,3.44,0,0,0,0,0,,,,,,0,0,0,121,78,1003,7
29,47,Jameson Williams,WR,WR12,DET,DET,17,17,219.9,12.94,187.4,11.02,154.9,9.11,76.0,12,22.0,-29.0,51,59,2.34,39.7,4.0,1.2,24.9,13.4,8.96,0.6929,26.9,0.0,3,0.1765,7,0.4118,10,0.5882,3,2.0,71,4.18,108,6.35,0.1862,1129,66.41,1129,7,0.41,49,0,0,0,3.1,2.04,15.9,2.0,17.18,10.95,0.6373,0.0986,12.64,6.78,0,0,0,0,0,,,,,,6,12,0,102,65,1117,7
30,48,Courtland Sutton,WR,WR13,DEN,DEN,17,17,219.7,12.92,182.7,10.75,145.7,8.57,77.0,13,23.0,-29.0,55,65,2.32,39.5,4.0,2.26,21.88,12.2,7.48,0.5791,24.3,1.5,3,0.1765,7,0.4118,12,0.7059,2,3.0,74,4.35,124,7.29,0.2107,1017,59.82,1017,7,0.41,52,0,0,1,2.97,1.77,13.74,,13.74,8.2,0.5968,0.0946,12.44,3.0,0,0,0,0,0,,,,,1.0,0,0,0,124,74,1017,7
31,50,Wan'Dale Robinson,WR,WR14,NYG,NYG,16,16,217.9,13.62,171.9,10.74,125.9,7.87,67.0,14,17.0,-17.0,63,83,3.02,48.3,4.0,4.8,25.25,11.85,8.19,0.6014,30.6,3.6,4,0.25,6,0.375,10,0.625,3,2.0,95,5.94,143,8.94,0.3027,1019,63.69,1019,4,0.25,40,0,0,0,2.29,1.52,10.73,1.67,11.02,7.24,0.6571,0.0421,8.48,4.2,0,0,0,0,0,,,,,,3,5,0,140,92,1014,4
32,51,Jaylen Warren,RB,RB17,PIT,PIT,16,16,217.1,13.57,197.1,12.32,177.1,11.07,68.0,17,19.0,-17.0,45,46,2.64,42.23,3.0,8.05,18.6,12.95,5.62,0.4138,29.1,6.4,1,0.0625,5,0.3125,11,0.6875,1,5.0,251,15.69,256,16.0,0.0958,1291,80.69,1291,8,0.5,65,0,0,0,0.86,0.85,5.14,4.54,8.32,7.4,0.8889,0.0319,-2.51,10.98,0,0,0,0,0,,,,,,211,958,6,45,40,333,2
33,52,Rico Dowdle,RB,RB18,CAR,CAR,17,17,216.3,12.72,196.8,11.58,177.3,10.43,80.0,18,23.0,-28.0,46,45,1.79,30.5,3.0,3.36,29.82,10.6,9.8,0.7704,33.9,2.9,3,0.1765,8,0.4706,10,0.5882,3,1.0,275,16.18,286,16.82,0.1103,1373,80.76,1373,7,0.41,65,1,1,0,0.79,0.76,4.99,4.56,7.62,5.94,0.78,0.0255,-1.04,8.97,0,0,0,0,0,,,,,,236,1076,6,50,39,297,1
34,54,Tetairoa McMillan,WR,WR15,CAR,CAR,17,17,213.4,12.55,178.4,10.49,143.4,8.44,81.0,15,24.0,-27.0,59,67,1.95,33.2,4.0,5.58,18.46,11.5,7.07,0.563,33.0,1.5,1,0.0588,5,0.2941,12,0.7059,1,2.0,70,4.12,122,7.18,0.2574,1014,59.65,1014,7,0.41,55,0,0,0,3.05,1.75,14.49,,14.49,8.31,0.5738,0.1,11.56,3.84,0,0,0,0,0,,,,,,0,0,0,122,70,1014,7
35,55,Tee Higgins,WR,WR16,CIN,CIN,15,15,211.6,14.11,182.1,12.14,152.6,10.17,62.0,16,16.0,-7.0,56,61,3.51,52.6,4.0,6.24,24.96,11.4,8.23,0.5831,33.1,2.5,3,0.2,5,0.3333,11,0.7333,2,2.0,59,3.93,98,6.53,0.1826,846,56.4,846,11,0.73,41,0,0,1,3.59,2.16,14.34,,14.34,8.63,0.602,0.1864,13.41,2.81,0,0,0,0,0,,,,,,0,0,0,98,59,846,11
36,56,Kyle Pitts,TE,TE2,ATL,ATL,17,17,210.8,12.4,166.8,9.81,122.8,7.22,85.0,2,5.0,-29.0,68,91,1.82,30.9,3.0,4.14,18.28,11.8,9.94,0.8017,45.6,3.4,5,0.2941,5,0.2941,9,0.5294,4,1.0,88,5.18,118,6.94,0.2268,928,54.59,928,5,0.29,51,0,0,0,2.4,1.79,10.55,,10.55,7.86,0.7458,0.0568,7.36,4.55,0,0,0,0,0,,,,,,0,0,0,118,88,928,5
37,57,Stefon Diggs,WR,WR17,NE,NE,17,17,210.3,12.37,167.8,9.87,125.3,7.37,86.0,17,26.0,-29.0,67,87,1.77,30.1,4.0,5.48,22.38,11.7,6.81,0.5506,24.6,4.0,3,0.1765,7,0.4118,9,0.5294,1,4.0,85,5.0,102,6.0,0.2186,1013,59.59,1013,4,0.24,51,0,0,0,2.47,2.06,11.92,,11.92,9.93,0.8333,0.0471,8.54,4.16,0,0,0,0,0,,,,,,0,0,0,102,85,1013,4
38,59,Breece Hall,RB,RB19,NYJ,NYJ,16,16,207.66,12.98,189.66,11.85,171.66,10.73,74.0,19,21.0,-15.0,49,48,2.05,32.79,3.0,5.75,20.2,11.55,7.62,0.5872,32.86,4.3,2,0.125,8,0.5,8,0.5,1,4.0,279,17.44,291,18.19,0.1059,1415,88.44,1419,6,0.38,71,2,2,0,0.74,0.71,5.07,4.38,9.72,7.29,0.75,0.0179,0.29,8.92,1,1,4,1,0,1.0,4.0,4.0,,0.0,243,1065,4,48,36,350,1
39,60,RJ Harvey,RB,RB20,DEN,DEN,17,17,206.6,12.15,183.1,10.77,159.6,9.39,90.0,20,24.0,-30.0,54,55,1.22,20.8,3.0,4.1,22.04,8.0,7.66,0.63,24.1,3.4,4,0.2353,9,0.5294,7,0.4118,2,2.0,193,11.35,204,12.0,0.1021,896,52.71,896,12,0.71,46,1,1,0,1.07,1.01,4.64,3.7,7.57,6.14,0.8103,0.0622,0.48,7.66,0,1,0,0,0,0.0,0.0,2.0,,0.0,146,540,7,58,47,356,5
40,61,TreVeyon Henderson,RB,RB21,NE,NE,17,17,206.2,12.13,188.7,11.1,171.2,10.07,92.0,21,25.0,-31.0,50,49,1.2,20.4,3.0,3.64,28.84,11.1,9.6,0.7912,32.3,0.5,3,0.1765,8,0.4706,7,0.4118,3,3.0,215,12.65,222,13.06,0.0839,1132,66.59,1132,10,0.59,52,1,1,0,0.96,0.93,5.27,5.06,6.31,5.26,0.8333,0.0465,-0.02,6.97,0,0,0,0,0,,,,,,180,911,9,42,35,221,1
41,62,Michael Pittman,WR,WR18,IND,IND,17,17,202.4,11.91,162.4,9.55,122.4,7.2,94.0,18,30.0,-32.0,73,92,1.31,22.2,4.0,3.4,20.62,13.7,7.49,0.6291,23.5,2.3,4,0.2353,8,0.4706,9,0.5294,1,3.0,80,4.71,111,6.53,0.2065,784,46.12,784,7,0.41,47,0,0,1,2.53,1.82,9.8,,9.8,7.06,0.7207,0.0875,8.17,3.24,0,0,0,0,0,,,,,,0,0,0,111,80,784,7
42,63,Drake London,WR,WR19,ATL,ATL,12,12,201.9,16.82,167.9,13.99,133.9,11.16,28.0,19,7.0,35.0,66,74,6.22,74.7,4.0,5.72,31.12,15.65,11.45,0.6808,38.8,1.4,4,0.3333,4,0.3333,8,0.6667,4,1.0,68,5.67,112,9.33,0.2971,919,76.58,919,7,0.58,46,1,1,1,2.97,1.8,13.51,,13.51,8.21,0.6071,0.1029,10.9,3.37,0,0,0,0,0,,,,,,0,0,0,112,68,919,7
43,64,DeVonta Smith,WR,WR20,PHI,PHI,17,17,201.8,11.87,163.3,9.61,124.8,7.34,96.0,20,31.0,-32.0,71,89,1.27,21.6,4.0,4.56,19.64,9.3,7.8,0.657,33.3,1.8,2,0.1176,10,0.5882,8,0.4706,1,2.0,77,4.53,113,6.65,0.2458,1008,59.29,1008,4,0.24,44,0,0,0,2.62,1.79,13.09,,13.09,8.92,0.6814,0.0519,11.99,3.81,0,0,0,0,0,,,,,,0,0,0,113,77,1008,4
44,65,Justin Jefferson,WR,WR21,MIN,MIN,17,17,201.5,11.85,159.5,9.38,117.5,6.91,97.0,21,32.0,-32.0,77,99,1.25,21.3,4.0,3.76,18.76,12.5,5.79,0.4887,22.6,2.4,1,0.0588,6,0.3529,10,0.5882,0,8.0,86,5.06,143,8.41,0.3067,1055,62.06,1055,2,0.12,47,0,0,0,2.34,1.41,12.27,3.5,12.48,7.43,0.5957,0.0233,10.2,5.37,0,0,0,0,0,,,,,,2,7,0,141,84,1048,2
45,66,CeeDee Lamb,WR,WR22,DAL,DAL,13,13,200.9,15.45,163.4,12.57,125.9,9.68,44.0,22,10.0,22.0,70,83,4.85,63.1,4.0,9.9,21.64,17.1,5.98,0.3873,24.2,1.4,3,0.2308,2,0.1538,11,0.8462,1,5.0,76,5.85,118,9.08,0.251,1079,83.0,1079,3,0.23,43,0,0,0,2.64,1.7,14.2,2.0,14.36,9.21,0.641,0.0395,11.99,4.31,0,0,0,0,0,,,,,,1,2,0,117,75,1077,3
46,67,Emeka Egbuka,WR,WR23,TB,TB,17,17,195.7,11.51,164.2,9.66,132.7,7.81,105.0,23,36.0,-38.0,69,75,0.91,15.5,4.0,4.04,23.54,9.0,8.42,0.7315,31.3,1.8,4,0.2353,10,0.5882,7,0.4118,3,1.0,65,3.82,129,7.59,0.2356,947,55.71,947,6,0.35,34,0,0,1,3.01,1.52,14.57,4.5,14.89,7.39,0.4961,0.0923,12.38,5.32,0,0,0,0,0,,,,,,2,9,0,127,63,938,6
47,68,Jaylen Waddle,WR,WR24,MIA,MIA,16,16,194.12,12.13,162.12,10.13,130.12,8.13,91.0,24,29.0,-23.0,74,77,1.53,24.52,4.0,3.55,20.15,13.2,6.87,0.5663,23.0,0.7,2,0.125,7,0.4375,9,0.5625,1,5.0,66,4.12,102,6.38,0.2329,938,58.62,946,6,0.38,49,0,0,0,2.94,1.9,14.21,14.0,14.22,9.1,0.64,0.0909,13.06,3.56,1,1,8,0,0,1.0,8.0,-5.0,,0.0,2,28,0,100,64,910,6
48,69,Travis Kelce,TE,TE3,KC,KC,17,17,193.2,11.36,155.2,9.13,117.2,6.89,109.0,3,9.0,-40.0,82,100,0.78,13.3,3.0,3.24,20.22,10.1,6.41,0.5636,24.1,1.6,4,0.2353,4,0.2353,9,0.5294,4,2.0,77,4.53,109,6.41,0.2,852,50.12,852,5,0.29,46,0,0,1,2.51,1.77,11.06,1.0,11.2,7.88,0.7037,0.0649,6.81,5.58,0,0,0,0,0,,,,,,1,1,0,108,76,851,5
49,70,Kenneth Walker III,RB,RB22,SEA,SEA,17,17,191.9,11.29,176.4,10.38,160.9,9.46,112.0,22,29.0,-42.0,61,53,0.36,6.1,3.0,4.34,19.32,9.6,6.53,0.5784,25.4,2.9,2,0.1176,9,0.5294,6,0.3529,0,7.0,252,14.82,257,15.12,0.0826,1309,77.0,1309,5,0.29,58,0,0,0,0.76,0.75,5.19,4.65,9.1,7.83,0.8611,0.0198,-1.14,10.94,0,0,0,0,0,,,,,,221,1027,5,36,31,282,0
50,71,Tyler Warren,TE,TE4,IND,IND,17,17,188.5,11.09,150.5,8.85,112.5,6.62,114.0,4,10.0,-43.0,86,107,0.51,8.6,3.0,5.56,18.06,9.5,4.88,0.44,18.3,3.7,4,0.2353,4,0.2353,8,0.4706,4,2.0,82,4.82,118,6.94,0.2148,825,48.53,825,5,0.29,45,0,0,0,2.3,1.6,10.06,1.33,10.75,7.29,0.6786,0.061,5.38,6.24,0,1,0,0,0,0.0,0.0,11.0,,0.0,6,8,1,112,76,817,4
51,72,Deebo Samuel Sr.,WR,WR25,WAS,WAS,16,16,188.2,11.76,152.2,9.51,116.2,7.26,99.0,25,33.0,-27.0,85,101,1.16,18.6,4.0,4.55,21.65,10.25,6.94,0.5902,23.6,4.1,4,0.25,8,0.5,8,0.5,1,5.0,89,5.56,116,7.25,0.2537,802,50.12,802,6,0.38,36,0,0,0,2.11,1.62,9.01,4.41,10.1,7.34,0.7273,0.0674,5.32,6.47,0,0,0,0,0,,,,,,17,75,1,99,72,727,5
52,73,Jake Ferguson,TE,TE5,DAL,DAL,17,17,188.1,11.06,147.1,8.65,106.1,6.24,115.0,5,11.0,-42.0,91,114,0.48,8.2,3.0,2.76,21.48,10.8,7.09,0.6407,23.9,0.0,5,0.2941,4,0.2353,9,0.5294,5,2.0,83,4.88,103,6.06,0.1648,601,35.35,601,8,0.47,30,2,2,1,2.27,1.83,7.24,1.0,7.32,5.88,0.8039,0.0964,4.66,3.74,0,0,0,0,0,,,,,,1,1,0,102,82,600,8
53,74,DK Metcalf,WR,WR26,PIT,PIT,15,15,187.2,12.48,157.7,10.51,128.2,8.55,84.0,26,25.0,-10.0,79,80,1.88,28.2,4.0,6.32,20.88,12.2,6.0,0.4807,23.6,2.6,2,0.1333,6,0.4,9,0.6,0,7.0,61,4.07,101,6.73,0.2241,862,57.47,862,7,0.47,38,0,0,0,3.07,1.85,14.13,6.0,14.41,8.59,0.596,0.1148,10.55,7.02,0,0,0,0,0,,,,,,2,12,1,99,59,850,6
54,76,Harold Fannin Jr.,TE,TE6,CLE,CLE,16,16,186.4,11.65,150.4,9.4,114.4,7.15,100.0,6,8.0,-24.0,87,104,1.07,17.08,3.0,5.05,18.95,11.15,5.73,0.4918,25.4,4.5,4,0.25,3,0.1875,8,0.5,3,1.0,79,4.94,114,7.12,0.2184,744,46.5,744,7,0.44,34,1,1,0,2.36,1.64,9.42,1.86,10.15,6.83,0.6729,0.0886,6.04,4.89,0,0,0,0,0,,,,,,7,13,1,107,72,731,6
55,77,Tony Pollard,RB,RB23,TEN,TEN,17,17,185.8,10.93,169.3,9.96,152.8,8.99,119.0,23,30.0,-42.0,65,60,0.0,0.0,3.0,6.02,16.16,9.5,5.62,0.5142,28.1,5.3,1,0.0588,9,0.5294,7,0.4118,1,2.0,275,16.18,283,16.65,0.076,1288,75.76,1288,5,0.29,59,3,3,0,0.68,0.66,4.68,4.47,6.24,5.02,0.8049,0.0182,0.29,6.15,0,0,0,0,0,,,,,,242,1082,5,41,33,206,0
56,78,Dallas Goedert,TE,TE7,PHI,PHI,15,15,185.1,12.34,155.1,10.34,125.1,8.34,87.0,7,6.0,-9.0,83,88,1.76,26.36,3.0,4.52,22.88,10.9,7.17,0.5814,26.0,4.0,5,0.3333,4,0.2667,6,0.4,5,1.0,60,4.0,82,5.47,0.2076,591,39.4,591,11,0.73,34,0,0,0,3.08,2.26,9.85,,9.85,7.21,0.7317,0.1833,7.11,3.9,0,0,0,0,0,,,,,,0,0,0,82,60,591,11
57,79,Parker Washington,WR,WR27,JAX,JAX,16,15,184.7,11.54,155.7,9.73,126.7,7.92,104.0,27,35.0,-25.0,81,82,0.94,15.1,4.0,3.8,19.35,9.9,7.41,0.6415,26.5,0.0,1,0.0625,8,0.5,8,0.5,1,3.0,65,4.06,102,6.38,0.1801,847,52.94,847,7,0.44,38,0,0,0,2.84,1.81,13.03,0.0,14.6,8.92,0.6105,0.0769,12.49,4.57,0,0,0,0,0,,,,,,7,0,0,95,58,847,5
58,80,Alec Pierce,WR,WR28,IND,IND,15,15,183.3,12.22,159.8,10.65,136.3,9.09,88.0,28,27.0,-8.0,76,72,1.62,24.3,4.0,3.0,22.12,10.8,8.3,0.6794,29.2,0.0,2,0.1333,6,0.4,8,0.5333,2,2.0,47,3.13,84,5.6,0.176,1003,66.87,1003,6,0.4,41,0,0,0,3.9,2.18,21.34,,21.34,11.94,0.5595,0.1277,18.96,3.7,0,0,0,0,0,,,,,,0,0,0,84,47,1003,6
59,81,Keenan Allen,WR,WR29,LAC,LAC,17,17,182.7,10.75,142.2,8.36,101.7,5.98,120.0,29,40.0,-39.0,99,125,0.15,2.5,4.0,4.68,19.62,8.7,6.81,0.6333,28.9,2.7,1,0.0588,11,0.6471,5,0.2941,1,3.0,81,4.76,122,7.18,0.2206,777,45.71,777,4,0.24,49,0,0,0,2.26,1.5,9.59,,9.59,6.37,0.6639,0.0494,8.42,2.85,0,0,0,0,0,,,,,,0,0,0,122,81,777,4
60,82,Zach Charbonnet,RB,RB24,SEA,SEA,16,16,181.4,11.34,171.4,10.71,161.4,10.09,110.0,24,28.0,-28.0,64,52,0.41,6.53,3.0,3.9,19.1,10.95,6.7,0.5908,26.2,1.0,1,0.0625,7,0.4375,6,0.375,0,6.0,204,12.75,208,13.0,0.052,874,54.62,874,12,0.75,55,0,0,1,0.89,0.87,4.28,3.97,7.2,6.0,0.8333,0.0588,1.67,6.15,0,0,0,0,0,,,,,,184,730,12,24,20,144,0
61,83,Ladd McConkey,WR,WR30,LAC,LAC,16,16,180.9,11.31,147.9,9.24,114.9,7.18,111.0,30,38.0,-28.0,89,102,0.71,11.3,4.0,3.1,20.75,11.6,6.86,0.6063,23.0,2.1,3,0.1875,8,0.5,8,0.5,0,6.0,66,4.12,106,6.62,0.2108,789,49.31,789,6,0.38,35,0,0,0,2.74,1.71,11.95,,11.95,7.44,0.6226,0.0909,9.87,4.7,0,0,0,0,0,,,,,,0,0,0,106,66,789,6
62,84,Juwan Johnson,TE,TE8,NO,NO,17,17,179.9,10.58,141.4,8.32,102.9,6.05,125.0,8,12.0,-41.0,100,122,0.0,0.0,3.0,4.96,16.3,10.6,4.82,0.4559,19.2,1.5,4,0.2353,4,0.2353,9,0.5294,4,1.0,77,4.53,102,6.0,0.1767,889,52.29,889,3,0.18,41,2,2,0,2.34,1.76,11.55,,11.55,8.72,0.7549,0.039,7.58,4.7,0,0,0,0,0,,,,,,0,0,0,102,77,889,3
63,85,Hunter Henry,TE,TE9,NE,NE,17,17,178.8,10.52,148.8,8.75,118.8,6.99,126.0,9,13.0,-41.0,88,97,-0.06,-1.1,3.0,2.44,19.1,9.1,7.28,0.6917,29.0,1.9,3,0.1765,5,0.2941,7,0.4118,2,1.0,60,3.53,87,5.12,0.1742,768,45.18,768,7,0.41,42,0,0,0,2.98,2.06,12.8,,12.8,8.83,0.6897,0.1167,8.16,5.58,0,0,0,0,0,,,,,,0,0,0,87,60,768,7
64,85,Rhamondre Stevenson,RB,RB25,NE,NE,14,14,178.8,12.77,162.8,11.63,146.8,10.49,79.0,25,22.0,6.0,72,63,1.84,25.79,3.0,2.78,25.4,10.85,10.05,0.7871,35.3,1.8,3,0.2143,6,0.4286,6,0.4286,2,1.0,162,11.57,167,11.93,0.0984,948,67.71,948,9,0.64,40,3,3,2,1.1,1.07,5.85,4.64,10.78,9.32,0.8649,0.0556,4.3,8.22,0,0,0,0,0,,,,,,130,603,7,37,32,345,2
65,87,Dalton Schultz,TE,TE10,HOU,HOU,17,17,177.7,10.45,136.7,8.04,95.7,5.63,128.0,10,15.0,-41.0,104,131,-0.13,-2.2,3.0,4.7,18.5,11.0,5.64,0.5395,21.6,1.8,3,0.1765,6,0.3529,8,0.4706,2,4.0,82,4.82,106,6.24,0.1906,777,45.71,777,3,0.18,39,0,0,0,2.17,1.68,9.48,,9.48,7.33,0.7736,0.0366,6.22,4.37,0,0,0,0,0,,,,,,0,0,0,106,82,777,3
66,89,Troy Franklin,WR,WR31,DEN,DEN,17,17,177.1,10.42,144.6,8.51,112.1,6.59,129.0,31,43.0,-40.0,95,109,-0.18,-3.1,4.0,2.98,22.08,8.5,7.63,0.732,26.9,0.0,3,0.1765,10,0.5882,8,0.4706,1,1.0,70,4.12,109,6.41,0.1822,721,42.41,721,6,0.35,34,1,1,3,2.53,1.62,10.3,2.4,10.91,6.82,0.625,0.0857,12.7,4.34,0,0,0,0,0,,,,,,5,12,0,104,65,709,6
67,90,Brock Bowers,TE,TE11,LV,LV,12,12,176.2,14.68,144.2,12.02,112.2,9.35,51.0,11,2.0,39.0,96,108,4.1,49.21,2.0,8.8,21.6,12.85,10.12,0.6895,43.3,3.7,3,0.25,1,0.0833,7,0.5833,3,1.0,66,5.5,88,7.33,0.2338,682,56.83,682,7,0.58,36,0,0,1,2.67,2.0,10.33,1.0,10.62,7.91,0.7442,0.1061,6.51,4.77,0,0,0,0,0,,,,,,2,2,0,86,64,680,7
68,91,Jakobi Meyers,WR,WR32,JAX,LV/JAX,16,16,175.8,10.99,138.3,8.64,100.8,6.3,117.0,32,39.0,-26.0,101,126,0.39,6.2,4.0,7.05,16.35,9.35,4.35,0.3962,21.3,6.3,1,0.0625,9,0.5625,8,0.5,0,11.0,80,5.0,115,7.19,0.2287,848,53.0,848,3,0.19,44,1,1,0,2.2,1.53,10.6,2.6,11.13,7.59,0.6818,0.0375,9.16,3.76,0,0,0,0,0,,,,,,5,13,0,110,75,835,3
69,93,Jauan Jennings,WR,WR33,SF,SF,15,15,173.3,11.55,145.8,9.72,118.3,7.89,103.0,33,34.0,-10.0,93,98,0.95,14.3,4.0,4.72,18.46,12.2,5.71,0.4942,19.9,1.7,0,0.0,7,0.4667,9,0.6,0,11.0,55,3.67,90,6.0,0.1992,643,42.87,643,9,0.6,36,1,1,1,3.15,1.93,11.69,,11.69,7.14,0.6111,0.1636,10.06,3.29,0,0,0,0,0,,,,,,0,0,0,90,55,643,9
70,94,DJ Moore,WR,WR34,CHI,CHI,17,17,172.18,10.13,147.18,8.66,122.18,7.19,134.0,34,46.0,-40.0,90,93,-0.47,-8.02,4.0,1.26,22.93,8.2,8.19,0.8087,23.4,0.0,4,0.2353,10,0.5882,7,0.4118,1,4.0,65,3.82,100,5.88,0.1613,761,44.76,763,8,0.47,38,0,0,0,2.65,1.72,11.71,5.27,13.64,8.02,0.5882,0.1077,11.62,4.44,1,1,2,1,0,1.0,2.0,2.0,,0.0,15,79,1,85,50,682,6
71,95,Quentin Johnston,WR,WR35,LAC,LAC,13,13,171.2,13.17,145.7,11.21,120.2,9.25,72.0,35,20.0,23.0,94,96,2.57,33.4,4.0,3.62,23.12,14.8,7.44,0.5652,24.9,0.0,3,0.2308,4,0.3077,9,0.6923,1,3.0,53,4.08,86,6.62,0.1997,742,57.08,742,8,0.62,27,1,1,0,3.23,1.99,14.0,3.5,14.41,8.75,0.6071,0.1509,11.77,4.33,0,0,0,0,0,,,,,,2,7,0,84,51,735,8
72,96,Quinshon Judkins,RB,RB26,CLE,CLE,14,14,169.8,12.13,156.8,11.2,143.8,10.27,93.0,26,26.0,3.0,80,66,1.2,16.79,3.0,4.7,20.06,10.3,6.73,0.5549,26.4,3.6,2,0.1429,5,0.3571,6,0.4286,1,4.0,256,18.29,266,19.0,0.0828,998,71.29,998,7,0.5,57,0,0,1,0.66,0.64,3.9,3.6,6.58,4.75,0.7222,0.0273,-0.42,7.46,0,0,0,0,0,,,,,,230,827,7,36,26,171,0
73,97,David Montgomery,RB,RB27,DET,DET,17,17,166.92,9.82,154.92,9.11,142.92,8.41,141.0,27,33.0,-44.0,84,68,-1.11,-18.88,3.0,3.38,15.87,8.3,6.72,0.6846,29.4,1.2,1,0.0588,10,0.5882,6,0.3529,1,2.0,182,10.71,187,11.0,0.0543,908,53.41,911,9,0.53,53,1,1,1,0.92,0.89,4.99,4.53,8.0,6.62,0.8276,0.044,0.41,8.29,1,2,3,1,0,0.5,1.5,3.5,,0.3333,158,716,8,29,24,192,0
74,98,Khalil Shakir,WR,WR36,BUF,BUF,16,16,166.4,10.4,130.4,8.15,94.4,5.9,130.0,36,44.0,-32.0,112,134,-0.2,-3.2,4.0,1.85,17.45,11.15,5.8,0.5578,20.8,0.7,1,0.0625,7,0.4375,9,0.5625,0,6.0,73,4.56,96,6.0,0.2114,724,45.25,724,4,0.25,28,1,1,0,2.28,1.73,9.92,5.0,9.99,7.57,0.7579,0.0548,3.67,7.51,0,0,0,0,0,,,,,,1,5,0,95,72,719,4
75,99,Romeo Doubs,WR,WR37,GB,GB,16,16,165.4,10.34,137.9,8.62,110.4,6.9,132.0,37,45.0,-33.0,102,110,-0.26,-4.2,4.0,2.9,17.75,9.35,7.26,0.7024,29.8,0.0,1,0.0625,9,0.5625,7,0.4375,1,3.0,55,3.44,85,5.31,0.1888,724,45.25,724,6,0.38,41,0,0,1,3.01,1.95,13.16,,13.16,8.52,0.6471,0.1091,12.76,2.96,0,0,0,0,0,,,,,,0,0,0,85,55,724,6
76,100,Colston Loveland,TE,TE12,CHI,CHI,16,16,165.1,10.32,136.1,8.51,107.1,6.69,133.0,12,16.0,-33.0,106,113,-0.26,-4.22,3.0,3.15,23.25,6.9,8.5,0.8237,29.8,0.0,3,0.1875,9,0.5625,5,0.3125,4,1.0,59,3.69,83,5.19,0.1661,711,44.44,711,6,0.38,36,0,0,0,2.8,1.99,12.05,-2.0,12.29,8.7,0.7073,0.1017,9.1,4.31,0,0,0,0,0,,,,,,1,-2,0,82,58,713,6
77,101,Tre Tucker,WR,WR38,LV,LV,17,17,161.7,9.51,133.2,7.84,104.7,6.16,147.0,38,51.0,-46.0,109,116,-1.09,-18.5,4.0,4.32,13.92,6.8,8.94,0.9397,40.9,0.0,1,0.0588,12,0.7059,6,0.3529,1,1.0,68,4.0,103,6.06,0.1896,747,43.94,747,5,0.29,33,0,0,0,2.38,1.57,10.99,4.64,12.21,7.57,0.6196,0.0735,10.16,5.11,0,0,0,0,0,,,,,,11,51,0,92,57,696,5
78,102,George Kittle,TE,TE13,SF,SF,11,11,161.5,14.68,133.0,12.09,104.5,9.5,52.0,13,3.0,50.0,111,117,4.1,45.09,2.0,6.9,24.5,13.8,8.26,0.5626,24.7,0.0,4,0.3636,2,0.1818,7,0.6364,3,1.0,58,5.27,70,6.36,0.2145,625,56.82,625,7,0.64,38,0,0,0,2.78,2.31,10.78,-3.0,11.02,9.1,0.8261,0.1207,6.67,4.42,0,0,0,0,0,,,,,,1,-3,0,69,57,628,7
79,103,Tyrone Tracy Jr.,RB,RB28,NYG,NYG,15,15,160.8,10.72,142.8,9.52,124.8,8.32,121.0,28,31.0,-18.0,97,89,-0.21,-3.14,3.0,4.78,21.98,8.1,7.66,0.7146,27.9,0.6,2,0.1333,10,0.6667,5,0.3333,2,2.0,212,14.13,224,14.93,0.1078,1028,68.53,1028,4,0.27,53,1,1,0,0.76,0.72,4.85,4.2,8.0,6.0,0.75,0.0189,0.4,8.72,0,0,0,0,0,,,,,,176,740,2,48,36,288,2
80,106,Rashid Shaheed,WR,WR39,SEA,NO/SEA,18,18,156.6,8.7,127.1,7.06,97.6,5.42,157.0,39,54.0,-51.0,114,128,-1.9,-34.2,4.0,1.62,15.65,8.65,5.84,0.671,21.4,0.5,1,0.0556,12,0.6667,6,0.3333,0,9.0,68,3.78,101,5.61,0.1617,756,42.0,756,4,0.22,32,1,1,0,2.3,1.55,11.12,7.67,11.64,7.47,0.6413,0.0294,11.45,3.0,0,0,0,0,0,,,,,,9,69,0,92,59,687,2
81,107,Rashee Rice,WR,WR40,KC,KC,8,8,150.1,18.76,123.6,15.45,97.1,12.14,17.0,40,5.0,90.0,118,130,8.16,65.3,3.0,9.08,26.67,20.9,8.11,0.4323,29.4,7.4,4,0.5,2,0.25,7,0.875,2,2.0,58,7.25,83,10.38,0.2903,591,73.88,591,6,0.75,30,0,0,1,2.59,1.81,10.19,4.0,10.77,7.32,0.6795,0.1034,4.33,7.81,0,0,0,0,0,,,,,,5,20,1,78,53,571,5
82,108,AJ Barner,TE,TE14,SEA,SEA,17,17,147.3,8.66,121.3,7.14,95.3,5.61,158.0,14,23.0,-50.0,122,133,-1.92,-32.6,3.0,1.62,15.84,7.7,6.49,0.7493,24.3,0.3,3,0.1765,8,0.4706,6,0.3529,2,1.0,62,3.65,78,4.59,0.138,533,31.35,533,7,0.41,35,0,0,0,2.38,1.89,8.6,1.4,9.98,7.63,0.7647,0.1129,4.37,5.21,0,0,0,0,0,,,,,,10,14,1,68,52,519,6
83,109,Kyle Monangai,RB,RB29,CHI,CHI,17,17,146.7,8.63,137.7,8.1,128.7,7.57,160.0,29,39.0,-51.0,103,79,-2.3,-39.1,3.0,2.28,18.04,7.7,6.28,0.7277,22.8,1.8,1,0.0588,11,0.6471,6,0.3529,1,3.0,187,11.0,199,11.71,0.0572,947,55.71,947,5,0.29,47,0,0,2,0.78,0.74,5.06,4.63,9.11,5.47,0.6,0.0267,0.07,9.0,0,0,0,0,0,,,,,,169,783,5,30,18,164,0
84,111,Rome Odunze,WR,WR41,CHI,CHI,12,12,146.1,12.18,124.1,10.34,102.1,8.51,89.0,41,28.0,22.0,117,123,1.58,18.9,4.0,3.03,20.38,11.75,9.17,0.7534,31.8,0.0,2,0.1667,6,0.5,6,0.5,1,4.0,44,3.67,90,7.5,0.2363,661,55.08,661,6,0.5,37,0,0,0,3.32,1.62,15.02,,15.02,7.34,0.4889,0.1364,13.91,4.86,0,0,0,0,0,,,,,,0,0,0,90,44,661,6
85,112,Kareem Hunt,RB,RB30,KC,KC,17,17,145.4,8.55,136.4,8.02,127.4,7.49,163.0,30,41.0,-51.0,105,81,-2.38,-40.4,3.0,2.52,17.8,6.5,6.05,0.7074,20.0,0.2,1,0.0588,11,0.6471,6,0.3529,0,8.0,181,10.65,188,11.06,0.0438,754,44.35,754,9,0.53,63,1,1,0,0.8,0.77,4.17,3.75,7.94,5.72,0.72,0.0497,0.0,8.5,0,0,0,0,0,,,,,,163,611,8,25,18,143,1
86,113,Woody Marks,RB,RB31,HOU,HOU,16,16,145.1,9.07,133.1,8.32,121.1,7.57,153.0,31,37.0,-40.0,110,94,-1.86,-29.77,3.0,2.55,15.85,7.25,6.93,0.7647,27.9,0.3,1,0.0625,11,0.6875,5,0.3125,0,6.0,220,13.75,232,14.5,0.0684,911,56.94,911,5,0.31,46,0,0,0,0.66,0.63,4.14,3.59,8.67,5.78,0.6667,0.0227,2.14,9.29,0,0,0,0,0,,,,,,196,703,2,36,24,208,3
87,114,Rachaad White,RB,RB32,TB,TB,17,17,143.0,8.41,123.0,7.24,103.0,6.06,167.0,32,42.0,-53.0,120,121,-2.52,-42.8,3.0,3.2,15.8,8.0,5.5,0.6536,23.1,2.4,1,0.0588,13,0.7647,3,0.1765,0,7.0,172,10.12,177,10.41,0.0826,790,46.47,790,4,0.24,47,0,0,0,0.83,0.81,4.59,4.33,5.45,4.84,0.8889,0.0233,-2.27,8.22,0,0,0,0,0,,,,,,132,572,4,45,40,218,0
88,116,Jacory Croskey-Merritt,RB,RB33,WAS,WAS,17,17,140.3,8.25,135.8,7.99,131.3,7.72,171.0,33,44.0,-55.0,107,76,-2.68,-45.5,3.0,2.3,18.36,5.1,7.47,0.905,27.0,1.7,2,0.1176,12,0.7059,4,0.2353,1,5.0,184,10.82,188,11.06,0.0298,873,51.35,873,8,0.47,44,2,2,0,0.76,0.75,4.74,4.6,7.56,5.23,0.6923,0.0435,-1.46,8.56,0,0,0,0,0,,,,,,175,805,8,13,9,68,0
89,117,Brian Thomas Jr.,WR,WR42,JAX,JAX,14,14,138.8,9.91,114.8,8.2,90.8,6.49,135.0,42,47.0,-18.0,129,138,-0.69,-9.6,4.0,5.19,15.57,8.7,5.01,0.5057,23.0,3.8,1,0.0714,9,0.6429,5,0.3571,0,6.0,51,3.64,94,6.71,0.1931,728,52.0,728,3,0.21,35,0,0,0,2.72,1.48,14.27,7.0,14.73,7.77,0.5275,0.0588,14.45,3.31,0,0,0,0,0,,,,,,3,21,1,91,48,707,2
90,118,Bucky Irving,RB,RB34,TB,TB,10,10,138.5,13.85,123.5,12.35,108.5,10.85,64.0,34,18.0,54.0,119,112,2.92,29.21,3.0,8.0,18.84,14.2,5.61,0.4049,25.5,7.1,1,0.1,3,0.3,7,0.7,0,9.0,203,20.3,208,20.8,0.1071,865,86.5,865,4,0.4,38,1,1,0,0.68,0.67,4.26,3.4,9.23,7.91,0.8571,0.0197,-1.6,12.0,0,0,0,0,0,,,,,,173,588,1,35,30,277,3
91,119,Josh Downs,WR,WR43,IND,IND,16,16,138.4,8.65,109.4,6.84,80.4,5.03,159.0,43,55.0,-40.0,136,153,-1.95,-31.2,4.0,3.1,14.55,8.0,4.74,0.5476,17.7,1.3,0,0.0,9,0.5625,6,0.375,0,15.0,60,3.75,90,5.62,0.1746,564,35.25,564,4,0.25,36,0,0,0,2.31,1.54,9.4,-1.0,9.76,6.43,0.6591,0.0667,7.49,2.48,0,0,0,0,0,,,,,,2,-2,0,88,58,566,4
92,120,Marquise Brown,WR,WR44,KC,KC,16,16,137.7,8.61,113.2,7.07,88.7,5.54,161.0,44,56.0,-41.0,132,141,-1.99,-31.9,4.0,1.85,16.35,8.5,5.69,0.6608,20.5,0.0,1,0.0625,13,0.8125,6,0.375,0,8.0,49,3.06,74,4.62,0.142,587,36.69,587,5,0.31,29,0,0,0,2.81,1.86,11.98,,11.98,7.93,0.6622,0.102,11.3,3.88,0,0,0,0,0,,,,,,0,0,0,74,49,587,5
93,121,Omarion Hampton,RB,RB35,LAC,LAC,9,9,135.7,15.08,119.7,13.3,103.7,11.52,47.0,35,13.0,74.0,124,118,4.15,37.34,3.0,6.7,25.42,14.7,8.08,0.5356,27.5,3.5,3,0.3333,3,0.3333,6,0.6667,1,4.0,156,17.33,159,17.67,0.118,737,81.89,737,5,0.56,38,0,0,0,0.87,0.85,4.72,4.4,6.0,5.49,0.9143,0.0321,-1.54,7.66,0,0,0,0,0,,,,,,124,545,4,35,32,192,1
94,122,Jordan Addison,WR,WR45,MIN,MIN,14,14,135.1,9.65,114.1,8.15,93.1,6.65,145.0,45,50.0,-23.0,131,135,-0.95,-13.3,4.0,2.64,15.31,9.3,5.66,0.5867,21.8,0.0,1,0.0714,8,0.5714,7,0.5,0,11.0,44,3.14,81,5.79,0.1822,691,49.36,691,4,0.29,28,0,0,0,3.07,1.67,15.7,40.5,14.52,7.72,0.5316,0.0909,13.71,3.31,0,0,0,0,0,,,,,,2,81,1,79,42,610,3
95,124,Christian Watson,WR,WR46,GB,GB,10,10,132.4,13.24,114.9,11.49,97.4,9.74,71.0,46,19.0,53.0,128,129,2.64,26.4,4.0,5.68,22.56,11.2,7.67,0.5793,24.9,3.7,3,0.3,5,0.5,6,0.6,1,5.0,36,3.6,56,5.6,0.2031,614,61.4,614,6,0.6,28,0,0,0,3.68,2.36,17.06,3.0,17.46,11.11,0.6364,0.1667,17.76,3.37,0,0,0,0,0,,,,,,1,3,0,55,35,611,6
96,125,Oronde Gadsden II,TE,TE15,LAC,LAC,15,15,131.4,8.76,106.9,7.13,82.4,5.49,156.0,15,22.0,-31.0,142,151,-1.82,-27.34,3.0,1.98,16.1,6.1,7.54,0.8612,29.4,1.7,2,0.1333,8,0.5333,5,0.3333,2,1.0,49,3.27,69,4.6,0.1442,664,44.27,664,3,0.2,28,1,1,0,2.68,1.9,13.55,,13.55,9.62,0.7101,0.0612,9.04,4.51,0,0,0,0,0,,,,,,0,0,0,69,49,664,3
97,126,Mark Andrews,TE,TE16,BAL,BAL,17,17,131.0,7.71,107.0,6.29,83.0,4.88,182.0,16,27.0,-56.0,141,149,-2.88,-48.9,3.0,1.74,16.06,6.4,6.79,0.8806,27.1,1.4,3,0.1765,11,0.6471,4,0.2353,3,2.0,58,3.41,80,4.71,0.1707,470,27.65,470,6,0.35,31,0,0,0,2.26,1.64,8.1,4.8,8.79,6.03,0.6857,0.1034,7.26,2.1,0,0,0,0,0,,,,,,10,48,1,70,48,422,5
98,128,Colby Parkinson,TE,TE17,LA,LA,14,14,129.8,9.27,108.3,7.74,86.8,6.2,149.0,17,21.0,-21.0,138,144,-1.31,-18.35,3.0,0.9,17.95,8.55,7.27,0.7844,24.5,-0.6,2,0.1429,6,0.4286,7,0.5,3,4.0,43,3.07,56,4.0,0.1168,408,29.14,408,8,0.57,24,1,1,0,3.02,2.32,9.49,,9.49,7.29,0.7679,0.186,4.43,6.3,0,0,0,0,0,,,,,,0,0,0,56,43,408,8
99,129,Jayden Higgins,WR,WR47,HOU,HOU,17,17,129.5,7.62,109.0,6.41,88.5,5.21,184.0,47,63.0,-55.0,137,142,-2.98,-50.7,4.0,1.4,14.36,7.2,5.37,0.705,16.8,0.0,0,0.0,11,0.6471,8,0.4706,0,11.0,41,2.41,68,4.0,0.1238,525,30.88,525,6,0.35,28,0,0,0,3.16,1.9,12.8,,12.8,7.72,0.6029,0.1463,12.34,3.0,0,0,0,0,0,,,,,,0,0,0,68,41,525,6
100,130,Jordan Mason,RB,RB36,MIN,MIN,16,16,128.9,8.06,121.9,7.62,114.9,7.18,176.0,36,45.0,-46.0,121,102,-2.87,-45.97,3.0,2.5,12.15,7.15,5.5,0.6827,23.6,1.6,1,0.0625,10,0.625,5,0.3125,0,7.0,173,10.81,175,10.94,0.0351,809,50.56,809,6,0.38,46,1,1,0,0.75,0.74,4.68,4.77,3.64,3.19,0.875,0.0347,-3.25,7.29,0,0,0,0,0,,,,,,159,758,6,16,14,51,0
101,131,Chimere Dike,WR,WR48,TEN,TEN,17,17,128.1,7.54,104.1,6.12,80.1,4.71,188.0,48,65.0,-57.0,147,154,-3.06,-52.1,4.0,1.5,16.6,5.0,6.48,0.8596,21.4,-0.4,1,0.0588,11,0.6471,6,0.3529,0,10.0,59,3.47,85,5.0,0.139,441,25.94,441,6,0.35,20,0,0,0,2.17,1.51,7.47,1.64,8.81,5.72,0.6486,0.0678,8.09,4.58,0,0,0,0,0,,,,,,11,18,0,74,48,423,4
102,132,Luther Burden III,WR,WR49,CHI,CHI,15,15,127.9,8.53,104.4,6.96,80.9,5.39,165.0,49,58.0,-33.0,146,152,-2.07,-31.1,4.0,1.14,17.64,7.6,7.54,0.8844,27.8,0.7,1,0.0667,11,0.7333,6,0.4,1,1.0,53,3.53,66,4.4,0.1305,689,45.93,689,2,0.13,30,0,0,0,2.41,1.94,13.0,6.17,13.87,10.87,0.7833,0.0377,7.67,7.11,0,0,0,0,0,,,,,,6,37,0,60,47,652,2
103,133,Theo Johnson,TE,TE18,NYG,NYG,15,15,127.8,8.52,105.3,7.02,82.8,5.52,166.0,18,24.0,-33.0,144,150,-2.06,-30.94,3.0,1.7,15.16,7.4,5.82,0.6835,21.3,0.0,2,0.1333,7,0.4667,5,0.3333,1,3.0,45,3.0,74,4.93,0.1722,528,35.2,528,5,0.33,25,0,0,0,2.84,1.73,11.73,,11.73,7.14,0.6081,0.1111,8.32,4.16,0,0,0,0,0,,,,,,0,0,0,74,45,528,5
104,133,Marvin Harrison Jr.,WR,WR50,ARI,ARI,12,12,127.8,10.65,107.3,8.94,86.8,7.23,122.0,50,41.0,11.0,140,144,0.05,0.6,4.0,2.63,18.55,10.35,7.1,0.667,22.6,0.0,1,0.0833,6,0.5,6,0.5,0,6.0,41,3.42,73,6.08,0.1805,608,50.67,608,4,0.33,30,0,0,1,3.12,1.75,14.83,,14.83,8.33,0.5616,0.0976,12.96,2.9,0,0,0,0,0,,,,,,0,0,0,73,41,608,4
105,135,Cam Skattebo,RB,RB37,NYG,NYG,8,8,127.7,15.96,115.7,14.46,103.7,12.96,37.0,37,9.0,98.0,127,118,5.03,40.26,3.0,7.87,26.17,14.15,8.62,0.5399,31.0,2.9,2,0.25,2,0.25,7,0.875,2,4.0,125,15.62,133,16.62,0.1292,617,77.12,617,7,0.88,38,1,1,1,1.02,0.96,4.94,4.06,8.62,6.47,0.75,0.056,-0.16,8.71,0,0,0,0,0,,,,,,101,410,5,32,24,207,2
106,136,Zach Ertz,TE,TE19,WAS,WAS,13,13,126.4,9.72,101.4,7.8,76.4,5.88,143.0,19,19.0,-7.0,149,158,-0.86,-11.17,3.0,2.8,17.98,8.6,6.08,0.6258,20.6,0.0,3,0.2308,5,0.3846,3,0.2308,3,2.0,50,3.85,72,5.54,0.1929,504,38.77,504,4,0.31,25,0,0,1,2.53,1.76,10.08,,10.08,7.0,0.6944,0.08,9.11,2.46,0,0,0,0,0,,,,,,0,0,0,72,50,504,4
107,137,Dalton Kincaid,TE,TE20,BUF,BUF,12,12,126.1,10.51,106.6,8.88,87.1,7.26,127.0,20,14.0,10.0,143,143,-0.07,-0.89,3.0,3.54,17.52,8.8,6.56,0.6245,22.1,0.0,3,0.25,4,0.3333,5,0.4167,3,3.0,39,3.25,49,4.08,0.1493,571,47.58,571,5,0.42,27,0,0,0,3.23,2.57,14.64,,14.64,11.65,0.7959,0.1282,9.49,6.64,0,0,0,0,0,,,,,,0,0,0,49,39,571,5
108,139,Chuba Hubbard,RB,RB38,CAR,CAR,15,15,125.4,8.36,110.4,7.36,95.4,6.36,168.0,38,43.0,-29.0,133,132,-2.57,-38.54,3.0,2.62,18.38,7.5,6.15,0.7354,20.4,1.7,1,0.0667,12,0.8,3,0.2,1,5.0,164,10.93,173,11.53,0.0882,734,48.93,734,4,0.27,43,1,1,0,0.76,0.72,4.48,3.81,7.43,5.72,0.7692,0.0244,-1.03,9.7,0,0,0,0,0,,,,,,134,511,1,39,30,223,3
109,141,Kayshon Boutte,WR,WR51,NE,NE,14,14,124.1,8.86,107.6,7.69,91.1,6.51,154.0,51,53.0,-13.0,139,136,-1.74,-24.3,4.0,2.66,16.44,6.05,7.37,0.8317,26.3,0.0,1,0.0714,9,0.6429,5,0.3571,1,4.0,33,2.36,46,3.29,0.1198,551,39.36,551,6,0.43,27,0,0,0,3.76,2.7,16.7,,16.7,11.98,0.7174,0.1818,16.98,1.15,0,0,0,0,0,,,,,,0,0,0,46,33,551,6
110,142,Chig Okonkwo,TE,TE21,TEN,TEN,17,17,124.0,7.29,96.0,5.65,68.0,4.0,193.0,21,30.0,-51.0,153,175,-3.29,-55.9,3.0,1.88,12.76,7.3,4.48,0.6146,16.4,0.0,1,0.0588,8,0.4706,5,0.2941,1,5.0,56,3.29,79,4.65,0.1498,560,32.94,560,2,0.12,24,0,0,0,2.21,1.57,10.0,,10.0,7.09,0.7089,0.0357,4.63,6.11,0,0,0,0,0,,,,,,0,0,0,79,56,560,2
111,143,Tyler Allgeier,RB,RB39,ATL,ATL,17,17,123.0,7.24,116.0,6.82,109.0,6.41,196.0,39,50.0,-53.0,126,111,-3.69,-62.8,3.0,1.52,14.1,8.3,5.35,0.7394,17.7,0.6,0,0.0,12,0.7059,4,0.2353,0,9.0,157,9.24,159,9.35,0.0321,610,35.88,610,8,0.47,39,0,0,0,0.78,0.77,3.89,3.59,6.86,6.0,0.875,0.051,-1.62,8.57,0,0,0,0,0,,,,,,143,514,8,16,14,96,0
112,144,Cade Otton,TE,TE22,TB,TB,15,15,122.2,8.15,92.7,6.18,63.2,4.21,173.0,22,25.0,-29.0,162,188,-2.44,-36.54,3.0,3.14,15.72,6.1,5.98,0.7339,22.4,0.0,2,0.1333,8,0.5333,3,0.2,1,2.0,59,3.93,81,5.4,0.1739,572,38.13,572,1,0.07,25,0,0,0,2.07,1.51,9.69,,9.69,7.06,0.7284,0.0169,5.17,5.24,0,0,0,0,0,,,,,,0,0,0,81,59,572,1
113,144,Blake Corum,RB,RB40,LA,LA,17,17,122.2,7.19,118.2,6.95,114.2,6.72,197.0,40,51.0,-53.0,125,106,-3.74,-63.6,3.0,1.68,13.5,5.3,6.49,0.9033,26.1,1.3,1,0.0588,12,0.7059,4,0.2353,1,3.0,153,9.0,159,9.35,0.0226,782,46.0,782,6,0.35,46,0,0,0,0.8,0.77,5.11,5.14,4.5,2.57,0.5714,0.0392,1.79,4.62,0,0,0,0,0,,,,,,145,746,6,14,8,36,0
114,146,Jerry Jeudy,WR,WR52,CLE,CLE,17,17,120.7,7.1,95.7,5.63,70.7,4.16,199.0,52,70.0,-53.0,155,168,-3.5,-59.5,4.0,2.82,13.6,5.1,5.22,0.7347,19.8,0.0,0,0.0,13,0.7647,5,0.2941,0,11.0,51,3.0,107,6.29,0.2053,607,35.71,607,2,0.12,32,1,1,0,2.37,1.13,11.9,5.0,12.04,5.68,0.4717,0.0392,12.15,3.32,0,0,0,0,0,,,,,,1,5,0,106,50,602,2
115,148,Aaron Jones,RB,RB41,MIN,MIN,12,12,118.7,9.89,104.7,8.72,90.7,7.56,137.0,41,32.0,11.0,145,139,-1.04,-12.45,3.0,4.55,15.66,10.3,4.51,0.4558,15.9,2.3,0,0.0,6,0.5,5,0.4167,0,12.0,160,13.33,173,14.42,0.1414,747,62.25,747,3,0.25,37,1,1,0,0.74,0.69,4.67,4.15,7.11,4.85,0.6829,0.0188,-0.61,8.11,0,0,0,0,0,,,,,,132,548,2,41,28,199,1
116,149,Brenton Strange,TE,TE23,JAX,JAX,12,12,118.0,9.83,95.0,7.92,72.0,6.0,140.0,23,18.0,9.0,157,165,-0.75,-8.99,3.0,3.71,14.84,10.2,4.74,0.4822,17.2,3.2,1,0.0833,4,0.3333,5,0.4167,2,4.0,46,3.83,60,5.0,0.1561,540,45.0,540,3,0.25,28,0,0,0,2.57,1.97,11.74,,11.74,9.0,0.7667,0.0652,6.9,5.37,0,0,0,0,0,,,,,,0,0,0,60,46,540,3
117,150,Kimani Vidal,RB,RB42,LAC,LAC,13,12,117.9,9.07,109.9,8.45,101.9,7.84,152.0,42,36.0,-2.0,135,124,-1.86,-24.18,3.0,1.28,20.5,5.8,8.35,0.9207,22.8,0.0,2,0.1538,8,0.6154,5,0.3846,1,4.0,171,13.15,177,13.62,0.0542,779,59.92,779,4,0.31,38,0,0,0,0.69,0.67,4.56,4.15,8.5,6.18,0.7273,0.0234,-0.64,10.62,0,0,0,0,0,,,,,,155,643,3,22,16,136,1
118,151,Tucker Kraft,TE,TE24,GB,GB,8,8,117.2,14.65,101.2,12.65,85.2,10.65,53.0,24,4.0,98.0,150,146,4.07,32.54,2.0,5.33,27.07,11.45,9.87,0.6738,33.3,4.0,3,0.375,2,0.25,4,0.5,2,1.0,33,4.12,45,5.62,0.1896,492,61.5,492,6,0.75,22,0,0,0,3.55,2.6,14.91,3.0,15.28,11.11,0.7273,0.1818,4.57,10.75,0,0,0,0,0,,,,,,1,3,0,44,32,489,6
119,152,Malik Washington,WR,WR53,MIA,MIA,17,17,116.7,6.86,93.7,5.51,70.7,4.16,203.0,53,72.0,-51.0,159,168,-3.74,-63.5,4.0,3.2,10.84,7.0,3.32,0.4836,13.6,1.5,0,0.0,14,0.8235,3,0.1765,0,20.0,63,3.71,82,4.82,0.1442,427,25.12,427,5,0.29,21,1,1,0,1.85,1.42,6.78,6.47,6.89,4.88,0.7077,0.0635,5.18,5.5,0,0,0,0,0,,,,,,17,110,1,65,46,317,3
120,153,Elic Ayomanor,WR,WR54,TEN,TEN,16,16,116.5,7.28,96.0,6.0,75.5,4.72,194.0,54,68.0,-41.0,153,161,-3.32,-53.1,4.0,2.9,13.75,7.0,4.24,0.5822,15.6,1.5,0,0.0,13,0.8125,4,0.25,0,21.0,41,2.56,89,5.56,0.1848,515,32.19,515,4,0.25,30,0,0,0,2.84,1.31,12.56,,12.56,5.79,0.4607,0.0976,12.65,2.8,0,0,0,0,0,,,,,,0,0,0,89,41,515,4
121,154,Cooper Kupp,WR,WR55,SEA,SEA,16,16,116.3,7.27,92.8,5.8,69.3,4.33,195.0,55,69.0,-41.0,161,172,-3.33,-53.3,4.0,2.85,11.95,6.0,4.05,0.5577,16.0,1.6,0,0.0,12,0.75,5,0.3125,0,21.0,47,2.94,70,4.38,0.1599,593,37.06,593,2,0.12,26,2,1,1,2.47,1.66,12.62,,12.62,8.47,0.6714,0.0426,7.6,6.23,0,1,0,0,1,0.0,0.0,9.0,0.0,0.0,0,0,0,70,47,593,2
122,155,J.K. Dobbins,RB,RB43,DEN,DEN,10,10,115.9,11.59,110.4,11.04,104.9,10.49,102.0,43,27.0,53.0,133,115,0.66,6.61,3.0,6.61,15.41,12.8,4.1,0.3538,15.5,4.0,0,0.0,4,0.4,6,0.6,0,14.0,164,16.4,167,16.7,0.0459,809,80.9,809,4,0.4,37,0,0,0,0.71,0.69,4.93,5.05,3.36,2.64,0.7857,0.0244,-2.14,5.09,0,0,0,0,0,,,,,,153,772,4,14,11,37,0
123,157,Terry McLaurin,WR,WR56,WAS,WAS,10,10,114.2,11.42,95.2,9.52,76.2,7.62,108.0,56,37.0,49.0,156,160,0.82,8.2,4.0,6.86,16.57,10.1,5.1,0.4466,22.6,4.7,1,0.1,5,0.5,6,0.6,0,8.0,38,3.8,60,6.0,0.2323,582,58.2,582,3,0.3,33,0,0,0,3.01,1.9,15.32,,15.32,9.7,0.6333,0.0789,13.98,2.45,0,0,0,0,0,,,,,,0,0,0,60,38,582,3
124,158,Ryan Flournoy,WR,WR57,DAL,DAL,15,13,114.0,7.6,94.0,6.27,74.0,4.93,186.0,57,64.0,-28.0,158,163,-3.0,-45.0,4.0,0.0,15.76,6.4,7.23,0.9512,26.5,0.0,1,0.0667,12,0.8,3,0.2,1,5.0,44,2.93,60,4.0,0.1106,500,33.33,500,4,0.27,31,0,0,0,2.59,1.9,11.36,6.25,11.88,8.48,0.7143,0.0909,8.32,5.1,0,0,0,0,0,,,,,,4,25,0,56,40,475,4
125,159,Pat Freiermuth,TE,TE25,PIT,PIT,15,15,113.6,7.57,93.1,6.21,72.6,4.84,187.0,25,28.0,-28.0,160,164,-3.01,-45.14,3.0,2.42,11.38,6.1,6.45,0.8515,28.1,1.6,1,0.0667,9,0.6,3,0.2,1,3.0,41,2.73,54,3.6,0.1129,486,32.4,486,4,0.27,21,0,0,0,2.77,2.1,11.85,,11.85,9.0,0.7593,0.0976,5.98,6.22,0,0,0,0,0,,,,,,0,0,0,54,41,486,4
126,160,Mack Hollins,WR,WR58,NE,NE,14,14,113.4,8.1,90.4,6.46,67.4,4.81,175.0,58,61.0,-15.0,164,179,-2.5,-35.0,4.0,3.47,15.3,7.35,4.61,0.5697,16.6,1.3,0,0.0,10,0.7143,4,0.2857,0,15.0,47,3.36,66,4.71,0.1625,554,39.57,554,2,0.14,28,0,0,0,2.41,1.72,11.79,4.0,11.96,8.46,0.7077,0.0426,13.09,2.35,0,0,0,0,0,,,,,,1,4,0,65,46,550,2
127,161,T.J. Hockenson,TE,TE26,MIN,MIN,15,15,112.8,7.52,87.3,5.82,61.8,4.12,189.0,26,29.0,-28.0,169,190,-3.06,-45.94,3.0,2.44,11.38,7.9,4.04,0.5372,15.9,1.2,1,0.0667,7,0.4667,3,0.2,1,5.0,52,3.47,67,4.47,0.1594,438,29.2,438,3,0.2,22,0,0,0,2.17,1.68,8.42,0.0,8.59,6.64,0.7727,0.0577,4.98,4.29,0,0,0,0,0,,,,,,1,0,0,66,51,438,3
128,162,Tyjae Spears,RB,RB44,TEN,TEN,13,13,111.7,8.59,89.2,6.86,66.7,5.13,162.0,44,40.0,0.0,165,181,-2.34,-30.38,3.0,2.24,15.7,8.4,5.55,0.6461,21.5,1.1,1,0.0769,11,0.8462,4,0.3077,0,12.0,117,9.0,122,9.38,0.1228,547,42.08,547,2,0.15,26,0,0,0,0.95,0.92,4.68,3.93,5.87,5.28,0.9,0.0171,-2.3,8.02,0,0,0,0,0,,,,,,72,283,2,50,45,264,0
129,163,Xavier Worthy,WR,WR59,KC,KC,14,14,109.9,7.85,88.9,6.35,67.9,4.85,178.0,59,62.0,-15.0,166,176,-2.75,-38.5,4.0,1.72,11.31,8.15,4.52,0.5764,17.1,0.0,0,0.0,9,0.6429,5,0.3571,0,16.0,53,3.79,84,6.0,0.1606,619,44.21,619,1,0.07,26,0,0,0,2.07,1.31,11.68,7.91,12.67,7.29,0.5753,0.0189,12.93,4.6,0,0,0,0,0,,,,,,11,87,0,73,42,532,1
130,164,Devin Singletary,RB,RB45,NYG,NYG,17,17,108.8,6.4,99.8,5.87,90.8,5.34,215.0,45,56.0,-51.0,151,137,-4.53,-77.0,3.0,0.96,17.28,3.8,6.33,0.9887,19.2,0.2,0,0.0,12,0.7059,4,0.2353,0,7.0,137,8.06,138,8.12,0.04,588,34.59,588,5,0.29,31,0,0,1,0.79,0.79,4.29,3.67,8.39,7.95,0.9474,0.0365,-0.63,9.0,0,0,0,0,0,,,,,,119,437,5,19,18,151,0
131,165,Sam LaPorta,TE,TE27,DET,DET,9,9,106.9,11.88,86.9,9.66,66.9,7.43,95.0,27,7.0,70.0,171,180,1.3,11.66,3.0,5.38,20.5,10.3,6.45,0.5434,21.7,4.5,3,0.3333,3,0.3333,5,0.5556,4,4.0,40,4.44,49,5.44,0.1847,489,54.33,489,3,0.33,23,0,0,0,2.67,2.18,12.22,,12.22,9.98,0.8163,0.075,5.65,6.85,0,0,0,0,0,,,,,,0,0,0,49,40,489,3
132,166,Dawson Knox,TE,TE28,BUF,BUF,16,16,103.7,6.48,85.7,5.36,67.7,4.23,213.0,28,34.0,-47.0,173,177,-4.1,-65.62,3.0,2.25,13.85,4.35,5.22,0.8061,18.7,0.0,2,0.125,11,0.6875,3,0.1875,1,3.0,36,2.25,49,3.06,0.1104,417,26.06,417,4,0.25,23,0,0,1,2.88,2.12,11.58,,11.58,8.51,0.7347,0.1111,6.71,5.08,0,0,0,0,0,,,,,,0,0,0,49,36,417,4
133,168,Evan Engram,TE,TE29,DEN,DEN,16,16,102.8,6.43,77.8,4.86,52.8,3.3,214.0,29,35.0,-46.0,186,210,-4.16,-66.52,3.0,2.2,11.6,6.5,3.91,0.6088,13.9,0.0,0,0.0,9,0.5625,2,0.125,0,6.0,51,3.19,77,4.81,0.1369,468,29.25,468,1,0.06,19,0,0,0,2.02,1.34,9.18,7.0,9.22,6.07,0.6579,0.0196,4.36,6.04,0,0,0,0,0,,,,,,1,7,0,76,50,461,1
134,169,Keon Coleman,WR,WR60,BUF,BUF,12,12,102.4,8.53,83.4,6.95,64.4,5.37,164.0,60,57.0,5.0,177,185,-2.07,-24.8,4.0,3.74,13.27,6.75,6.05,0.7091,25.2,3.6,1,0.0833,9,0.75,3,0.25,1,2.0,38,3.17,59,4.92,0.1668,404,33.67,404,4,0.33,26,1,1,1,2.69,1.74,10.63,,10.63,6.85,0.6441,0.1053,11.17,2.32,0,0,0,0,0,,,,,,0,0,0,59,38,404,4
135,170,Jalen Nailor,WR,WR61,MIN,MIN,17,17,100.7,5.92,86.2,5.07,71.7,4.22,228.0,61,88.0,-58.0,172,166,-4.68,-79.5,4.0,0.0,13.32,5.7,6.66,1.1236,23.4,0.0,1,0.0588,15,0.8824,2,0.1176,1,4.0,31,1.82,55,3.24,0.1165,457,26.88,457,4,0.24,24,0,0,1,3.25,1.83,14.74,6.5,15.31,8.38,0.5472,0.129,12.38,3.86,0,0,0,0,0,,,,,,2,13,0,53,29,444,4
136,170,Alvin Kamara,RB,RB46,NO,NO,11,11,100.7,9.15,84.2,7.65,67.7,6.15,151.0,46,35.0,19.0,175,177,-1.77,-19.52,3.0,3.5,14.5,9.5,4.9,0.535,16.0,0.7,0,0.0,6,0.5455,4,0.3636,0,14.0,164,14.91,170,15.45,0.1167,657,59.73,657,1,0.09,28,2,2,0,0.61,0.59,4.01,3.6,5.64,4.77,0.8462,0.0061,0.85,6.12,0,0,0,0,0,,,,,,131,471,1,39,33,186,0
137,172,Ty Johnson,RB,RB47,BUF,BUF,17,17,100.3,5.9,88.3,5.19,76.3,4.49,230.0,47,58.0,-58.0,167,159,-5.03,-85.5,3.0,0.6,12.0,5.5,5.29,0.8958,19.6,0.0,0,0.0,15,0.8824,3,0.1765,0,6.0,74,4.35,83,4.88,0.0685,463,27.24,463,5,0.29,24,0,0,0,1.36,1.21,6.26,4.0,10.96,7.97,0.7273,0.0676,-1.18,12.54,0,0,0,0,0,,,,,,50,200,3,33,24,263,2
138,173,Garrett Wilson,WR,WR62,NYJ,NYJ,7,7,99.5,14.21,81.5,11.64,63.5,9.07,60.0,62,15.0,113.0,181,187,3.61,25.3,4.0,2.58,23.26,19.1,9.66,0.6794,24.4,0.0,3,0.4286,3,0.4286,4,0.5714,1,2.0,36,5.14,59,8.43,0.3539,395,56.43,395,4,0.57,18,0,0,0,2.76,1.69,10.97,,10.97,6.69,0.6102,0.1111,9.07,2.78,0,0,0,0,0,,,,,,0,0,0,59,36,395,4
139,175,Michael Carter,RB,RB48,ARI,ARI,13,13,99.0,7.62,82.5,6.35,66.0,5.08,185.0,48,48.0,-10.0,178,182,-3.31,-43.08,3.0,1.34,13.0,6.9,4.89,0.6415,18.3,0.1,0,0.0,10,0.7692,2,0.1538,0,9.0,125,9.62,137,10.54,0.0917,600,46.15,600,1,0.08,31,0,0,0,0.79,0.72,4.8,3.62,8.09,5.93,0.7333,0.008,1.67,7.79,0,0,0,0,0,,,,,,92,333,1,45,33,267,0
140,176,Darius Slayton,WR,WR63,NYG,NYG,14,14,98.8,7.06,80.3,5.74,61.8,4.41,200.0,63,71.0,-24.0,183,190,-3.54,-49.6,4.0,2.25,12.39,7.2,4.12,0.5844,14.1,0.0,0,0.0,11,0.7857,4,0.2857,0,19.0,37,2.64,63,4.5,0.1546,538,38.43,538,1,0.07,23,1,1,2,2.67,1.57,14.54,,14.54,8.54,0.5873,0.027,13.38,5.35,0,0,0,0,0,,,,,,0,0,0,63,37,538,1
141,177,Xavier Hutchinson,WR,WR64,HOU,HOU,16,16,98.0,6.12,80.5,5.03,63.0,3.94,222.0,64,82.0,-45.0,182,189,-4.48,-71.6,4.0,1.15,15.1,4.9,5.37,0.8767,17.9,0.0,0,0.0,13,0.8125,3,0.1875,0,9.0,38,2.38,60,3.75,0.112,450,28.12,450,3,0.19,21,0,0,0,2.58,1.63,11.84,7.33,12.23,7.51,0.614,0.0789,10.25,4.17,0,0,0,0,0,,,,,,3,22,0,57,35,428,3
142,178,DeMario Douglas,WR,WR65,NE,NE,16,16,95.8,5.99,80.3,5.02,64.8,4.05,225.0,65,85.0,-47.0,183,183,-4.61,-73.8,4.0,1.7,12.15,5.15,5.2,0.8686,20.0,0.5,1,0.0625,14,0.875,2,0.125,0,10.0,38,2.38,53,3.31,0.0976,468,29.25,468,3,0.19,19,0,0,0,2.52,1.81,12.32,3.0,14.42,9.72,0.6739,0.0789,9.67,6.9,0,0,0,0,0,,,,,,7,21,0,46,31,447,3
143,179,Marvin Mims Jr.,WR,WR66,DEN,DEN,15,15,95.0,6.33,76.5,5.1,58.0,3.87,216.0,66,77.0,-37.0,190,198,-4.27,-64.0,4.0,1.56,13.64,4.2,5.54,0.8746,20.5,0.2,1,0.0667,12,0.8,2,0.1333,0,9.0,49,3.27,63,4.2,0.0994,400,26.67,400,3,0.2,17,0,0,0,1.94,1.51,8.16,6.5,8.7,6.31,0.7255,0.0408,9.37,6.24,0,0,0,0,0,,,,,,12,78,1,51,37,322,1
144,180,Emanuel Wilson,RB,RB49,GB,GB,17,16,94.5,5.56,87.0,5.12,79.5,4.68,243.0,49,61.0,-63.0,170,155,-5.37,-91.3,3.0,0.36,12.58,2.5,6.94,1.2484,26.5,0.0,1,0.0588,13,0.7647,3,0.1765,1,3.0,140,8.24,142,8.35,0.0373,595,35.0,595,3,0.18,37,0,0,1,0.68,0.67,4.25,3.97,6.6,5.82,0.8824,0.0214,-1.88,8.87,0,0,0,0,0,,,,,,125,496,3,17,15,99,0
145,181,Jake Tonges,TE,TE30,SF,SF,10,9,93.3,9.33,76.3,7.63,59.3,5.93,148.0,30,20.0,33.0,191,196,-1.25,-12.52,3.0,1.53,17.29,8.85,6.44,0.6904,19.0,0.0,2,0.2,3,0.3,4,0.4,1,3.0,34,3.4,46,4.6,0.1218,293,29.3,293,5,0.5,21,0,0,0,2.74,2.03,8.62,,8.62,6.37,0.7391,0.1471,5.07,4.21,0,0,0,0,0,,,,,,0,0,0,46,34,293,5
146,182,Bam Knight,RB,RB50,ARI,ARI,12,10,92.9,7.74,81.9,6.82,70.9,5.91,181.0,50,46.0,1.0,179,167,-3.19,-38.25,3.0,0.0,14.37,8.05,5.9,0.7616,16.8,-0.2,0,0.0,8,0.6667,5,0.4167,0,14.0,104,8.67,113,9.42,0.0633,429,35.75,429,5,0.42,31,1,1,0,0.89,0.82,4.12,3.28,7.27,5.16,0.7097,0.0481,1.19,6.86,0,0,0,0,0,,,,,,82,269,4,31,22,160,1
147,183,Tez Johnson,WR,WR67,TB,TB,15,15,92.4,6.16,78.4,5.23,64.4,4.29,220.0,67,80.0,-37.0,185,185,-4.44,-66.6,4.0,0.0,14.4,3.2,6.51,1.0564,20.2,0.0,1,0.0667,11,0.7333,4,0.2667,0,10.0,35,2.33,51,3.4,0.0916,344,22.93,344,5,0.33,16,0,0,0,2.64,1.81,9.83,3.14,11.5,7.32,0.6364,0.1429,11.73,3.93,0,0,0,0,0,,,,,,7,22,0,44,28,322,5
148,184,Kendrick Bourne,WR,WR68,SF,SF,14,14,92.1,6.58,73.6,5.26,55.1,3.94,211.0,68,76.0,-27.0,193,202,-4.02,-56.3,4.0,0.81,15.78,4.55,6.89,1.0475,24.2,0.0,1,0.0714,12,0.8571,2,0.1429,0,6.0,37,2.64,53,3.79,0.108,551,39.36,551,0,0.0,27,0,0,0,2.49,1.74,14.89,,14.89,10.4,0.6981,0.0,11.02,4.46,0,0,0,0,0,,,,,,0,0,0,53,37,551,0
149,185,Chris Rodriguez Jr.,RB,RB51,WAS,WAS,12,12,92.0,7.67,90.5,7.54,89.0,7.42,183.0,51,47.0,2.0,163,140,-3.26,-39.15,3.0,1.02,13.76,7.4,4.84,0.6313,15.3,0.2,0,0.0,8,0.6667,3,0.25,0,13.0,115,9.58,116,9.67,0.0133,530,44.17,530,6,0.5,33,0,0,0,0.8,0.79,4.61,4.46,10.0,7.5,0.75,0.0522,4.0,8.67,0,0,0,0,0,,,,,,112,500,6,4,3,30,0
150,186,Gunnar Helm,TE,TE31,TEN,TEN,16,16,91.7,5.73,69.7,4.36,47.7,2.98,237.0,31,38.0,-51.0,206,221,-4.85,-77.62,3.0,2.0,10.7,4.6,3.99,0.6959,14.9,1.1,0,0.0,10,0.625,3,0.1875,0,8.0,44,2.75,55,3.44,0.1065,357,22.31,357,2,0.12,17,0,0,0,2.08,1.67,8.11,,8.11,6.49,0.8,0.0455,5.51,3.61,0,0,0,0,0,,,,,,0,0,0,55,44,357,2
151,187,Sean Tucker,RB,RB52,TB,TB,17,14,91.4,5.38,87.4,5.14,83.4,4.91,248.0,52,62.0,-61.0,168,148,-5.55,-94.4,3.0,0.0,9.42,2.9,8.24,1.5317,34.0,-0.4,1,0.0588,15,0.8824,2,0.1176,1,2.0,94,5.53,97,5.71,0.0189,354,20.82,354,8,0.47,23,0,0,0,0.97,0.94,3.77,3.72,4.25,3.09,0.7273,0.0851,-0.91,6.12,0,0,0,0,0,,,,,,86,320,7,11,8,34,1
152,188,Jalen Coker,WR,WR69,CAR,CAR,11,11,90.4,8.22,73.9,6.72,57.4,5.22,172.0,69,59.0,16.0,192,199,-2.38,-26.2,4.0,1.9,16.7,6.6,5.87,0.7137,17.4,0.0,0,0.0,7,0.6364,4,0.3636,0,12.0,33,3.0,43,3.91,0.154,394,35.82,394,3,0.27,22,1,1,1,2.74,2.1,11.94,,11.94,9.16,0.7674,0.0909,10.12,3.09,0,0,0,0,0,,,,,,0,0,0,43,33,394,3
153,189,Andrei Iosivas,WR,WR70,CIN,CIN,15,15,89.9,5.99,73.4,4.89,56.9,3.79,224.0,70,84.0,-35.0,194,200,-4.61,-69.1,4.0,0.6,12.16,3.7,5.18,0.8646,18.0,0.0,0,0.0,12,0.8,3,0.2,0,13.0,36,2.4,61,4.07,0.102,449,29.93,449,2,0.13,24,0,0,0,2.5,1.47,12.47,4.67,13.18,7.5,0.569,0.0556,10.45,3.12,0,0,0,0,0,,,,,,3,14,0,58,33,435,2
154,190,Xavier Legette,WR,WR71,CAR,CAR,15,15,89.3,5.95,71.8,4.79,54.3,3.62,227.0,71,87.0,-37.0,195,207,-4.65,-69.7,4.0,0.92,15.42,3.7,6.86,1.1524,24.2,0.0,1,0.0667,12,0.8,2,0.1333,0,8.0,36,2.4,65,4.33,0.143,363,24.2,363,3,0.2,18,0,0,0,2.48,1.37,10.08,0.0,10.37,5.67,0.5469,0.0833,9.89,2.14,0,0,0,0,0,,,,,,1,0,0,64,35,363,3
155,191,Mason Taylor,TE,TE32,NYJ,NYJ,13,13,88.9,6.84,66.9,5.15,44.9,3.45,204.0,32,33.0,-13.0,210,232,-3.74,-48.67,3.0,1.42,13.82,5.8,5.2,0.7602,17.7,1.2,1,0.0769,9,0.6923,3,0.2308,0,7.0,44,3.38,65,5.0,0.172,369,28.38,369,1,0.08,23,0,0,1,2.02,1.37,8.39,,8.39,5.68,0.6769,0.0227,5.77,3.02,0,0,0,0,0,,,,,,0,0,0,65,44,369,1
156,192,Darren Waller,TE,TE33,MIA,MIA,9,8,88.7,9.86,76.7,8.52,64.7,7.19,138.0,33,17.0,54.0,189,184,-0.73,-6.54,3.0,0.8,20.16,7.0,8.91,0.9038,25.6,0.0,3,0.3333,5,0.5556,3,0.3333,2,3.0,25,2.78,35,3.89,0.1463,287,31.89,287,6,0.67,20,0,0,0,3.55,2.53,11.48,4.0,11.79,8.32,0.7059,0.24,10.56,3.04,0,0,0,0,0,,,,,,1,4,0,34,24,283,6
157,193,Bhayshul Tuten,RB,RB53,JAX,JAX,15,15,88.6,5.91,83.6,5.57,78.6,5.24,229.0,53,57.0,-36.0,176,156,-5.02,-75.34,3.0,1.34,11.88,4.8,4.92,0.8326,15.4,-1.5,0,0.0,13,0.8667,3,0.2,0,17.0,93,6.2,97,6.47,0.0297,386,25.73,386,7,0.47,26,1,1,0,0.95,0.91,4.15,3.7,7.9,5.64,0.7143,0.0753,0.57,8.0,0,0,0,0,0,,,,,,83,307,5,14,10,79,2
158,193,Ricky Pearsall,WR,WR72,SF,SF,9,9,88.6,9.84,70.6,7.84,52.6,5.84,139.0,72,48.0,54.0,201,211,-0.76,-6.8,4.0,2.44,16.42,9.2,6.51,0.6618,19.7,1.0,0,0.0,5,0.5556,4,0.4444,0,11.0,38,4.22,55,6.11,0.1796,526,58.44,526,0,0.0,28,0,0,0,2.33,1.61,13.84,-1.0,14.67,9.96,0.6792,0.0,14.11,2.06,0,0,0,0,0,,,,,,2,-2,0,53,36,528,0
159,195,Nick Chubb,RB,RB54,HOU,HOU,15,15,88.3,5.89,81.8,5.45,75.3,5.02,232.0,54,59.0,-37.0,180,162,-5.04,-75.64,3.0,0.86,11.02,6.0,4.38,0.7435,15.2,0.1,0,0.0,13,0.8667,2,0.1333,0,18.0,135,9.0,142,9.47,0.0396,573,38.2,573,3,0.2,21,0,0,0,0.65,0.62,4.24,4.15,5.15,3.35,0.65,0.0222,0.75,4.85,0,0,0,0,0,,,,,,122,506,3,20,13,67,0
160,196,Adonai Mitchell,WR,WR73,NYJ,IND/NYJ,16,16,87.9,5.49,71.4,4.46,54.9,3.43,245.0,73,94.0,-49.0,197,203,-5.11,-81.7,4.0,0.0,14.0,3.7,6.79,1.2356,24.2,0.0,1,0.0625,13,0.8125,3,0.1875,1,5.0,34,2.12,75,4.69,0.1534,449,28.06,449,2,0.12,15,1,1,0,2.59,1.17,13.21,-4.0,13.73,6.12,0.4459,0.0588,14.89,2.42,0,0,0,0,0,,,,,,1,-4,0,74,33,453,2
161,197,Dylan Sampson,RB,RB55,CLE,CLE,15,15,87.6,5.84,71.1,4.74,54.6,3.64,233.0,55,60.0,-36.0,199,205,-5.09,-76.34,3.0,0.48,14.08,4.4,5.6,0.9586,17.3,-0.2,0,0.0,12,0.8,2,0.1333,0,9.0,98,6.53,105,7.0,0.0868,446,29.73,446,2,0.13,20,1,1,0,0.89,0.83,4.55,2.69,8.21,6.78,0.825,0.0204,-1.55,9.64,0,0,0,0,0,,,,,,65,175,0,40,33,271,2
162,198,Isiah Pacheco,RB,RB56,KC,KC,13,13,87.3,6.72,77.8,5.98,68.3,5.25,207.0,56,52.0,-9.0,186,174,-4.21,-54.78,3.0,3.04,12.72,5.8,3.89,0.58,13.5,2.1,0,0.0,10,0.7692,3,0.2308,0,17.0,137,10.54,144,11.08,0.068,563,43.31,563,2,0.15,31,0,0,0,0.64,0.61,4.11,3.92,5.32,3.88,0.7308,0.0146,-1.04,6.37,0,0,0,0,0,,,,,,118,462,1,26,19,101,1
163,199,David Njoku,TE,TE34,CLE,CLE,11,11,86.3,7.85,69.8,6.35,53.3,4.85,179.0,34,26.0,20.0,205,209,-2.74,-30.11,3.0,2.4,13.7,7.1,5.05,0.6431,18.7,1.7,1,0.0909,5,0.4545,3,0.2727,0,7.0,33,3.0,48,4.36,0.1247,293,26.64,293,4,0.36,11,0,0,0,2.62,1.8,8.88,,8.88,6.1,0.6875,0.1212,5.27,4.85,0,0,0,0,0,,,,,,0,0,0,48,33,293,4
164,200,Calvin Austin III,WR,WR74,PIT,PIT,14,14,86.2,6.16,70.7,5.05,55.2,3.94,221.0,74,81.0,-21.0,200,201,-4.44,-62.2,4.0,0.45,13.87,3.75,5.5,0.8937,17.0,0.0,0,0.0,10,0.7143,4,0.2857,0,14.0,31,2.21,55,3.93,0.1309,372,26.57,372,3,0.21,15,0,0,0,2.78,1.57,12.0,,12.0,6.76,0.5636,0.0968,11.0,4.13,0,0,0,0,0,,,,,,0,0,0,55,31,372,3
165,201,Jonnu Smith,TE,TE35,PIT,PIT,17,17,85.2,5.01,66.2,3.89,47.2,2.78,256.0,35,42.0,-55.0,213,223,-5.57,-94.7,3.0,0.84,11.08,5.3,3.92,0.7815,12.5,0.0,0,0.0,13,0.7647,1,0.0588,0,10.0,47,2.76,63,3.71,0.1061,292,17.18,292,3,0.18,13,0,0,0,1.81,1.35,6.21,7.78,5.84,4.11,0.7037,0.0638,4.33,4.71,0,0,0,0,0,,,,,,9,70,1,54,38,222,2
166,203,Olamide Zaccheaus,WR,WR75,CHI,CHI,14,14,84.8,6.06,65.3,4.66,45.8,3.27,223.0,75,83.0,-20.0,214,228,-4.54,-63.6,4.0,1.53,9.94,5.05,4.6,0.7593,17.8,0.0,0,0.0,12,0.8571,2,0.1429,0,14.0,43,3.07,69,4.93,0.147,338,24.14,338,2,0.14,16,0,0,0,1.97,1.23,7.86,6.25,8.03,4.82,0.6,0.0465,7.11,3.54,0,0,0,0,0,,,,,,4,25,0,65,39,313,2
167,203,Mike Evans,WR,WR75,TB,TB,8,8,84.8,10.6,69.8,8.73,54.8,6.85,124.0,75,42.0,79.0,204,204,0.0,0.0,4.0,3.78,15.63,11.35,5.8,0.5471,19.2,0.0,0,0.0,2,0.25,4,0.5,0,11.0,30,3.75,62,7.75,0.2434,368,46.0,368,3,0.38,23,0,0,0,2.83,1.37,12.27,,12.27,5.94,0.4839,0.1,13.29,1.23,0,0,0,0,0,,,,,,0,0,0,62,30,368,3
168,205,KaVontae Turpin,WR,WR77,DAL,DAL,15,15,84.5,5.63,71.5,4.77,58.5,3.9,242.0,77,92.0,-37.0,196,197,-4.97,-74.5,4.0,0.88,12.7,4.7,4.65,0.8256,15.6,0.7,0,0.0,13,0.8667,2,0.1333,0,14.0,43,2.87,55,3.67,0.0693,485,32.33,485,2,0.13,19,1,1,0,1.97,1.54,11.28,5.24,15.23,10.42,0.6842,0.0465,8.92,8.23,0,0,0,0,0,,,,,,17,89,0,38,26,396,2
169,206,Chris Godwin Jr.,WR,WR78,TB,TB,9,9,83.0,9.22,66.5,7.39,50.0,5.56,150.0,78,52.0,56.0,211,217,-1.38,-12.4,4.0,2.68,15.96,8.0,6.73,0.7297,23.8,1.8,1,0.1111,5,0.5556,4,0.4444,1,4.0,33,3.67,51,5.67,0.1791,360,40.0,360,2,0.22,21,0,0,1,2.52,1.63,10.91,,10.91,7.06,0.6471,0.0606,7.08,6.24,0,0,0,0,0,,,,,,0,0,0,51,33,360,2
170,207,Darnell Mooney,WR,WR79,ATL,ATL,15,15,82.3,5.49,66.3,4.42,50.3,3.35,246.0,79,95.0,-39.0,212,215,-5.11,-76.7,4.0,2.26,9.24,4.5,3.83,0.6972,16.4,1.6,0,0.0,14,0.9333,2,0.1333,0,16.0,32,2.13,72,4.8,0.1622,443,29.53,443,1,0.07,25,0,0,0,2.57,1.14,13.84,,13.84,6.15,0.4444,0.0312,14.15,2.28,0,0,0,0,0,,,,,,0,0,0,72,32,443,1
171,208,Sterling Shepard,WR,WR80,TB,TB,13,13,82.0,6.31,62.5,4.81,43.0,3.31,217.0,80,78.0,-9.0,216,236,-4.29,-55.8,4.0,1.56,11.54,6.9,3.63,0.5753,12.0,1.5,0,0.0,10,0.7692,3,0.2308,0,30.0,43,3.31,57,4.38,0.1268,390,30.0,390,1,0.08,19,1,1,0,1.91,1.44,9.07,4.75,9.51,7.0,0.7358,0.0233,8.55,3.82,0,0,0,0,0,,,,,,4,19,0,53,39,371,1
172,209,Tyquan Thornton,WR,WR81,KC,KC,12,11,80.8,6.73,71.3,5.94,61.8,5.15,206.0,81,74.0,3.0,198,190,-3.87,-46.4,4.0,0.0,13.71,6.4,5.71,0.8474,18.1,0.0,0,0.0,9,0.75,3,0.25,0,15.0,19,1.58,37,3.08,0.0903,438,36.5,438,3,0.25,15,0,0,0,4.25,2.18,23.05,,23.05,11.84,0.5135,0.1579,26.89,3.11,0,0,0,0,0,,,,,,0,0,0,37,19,438,3
173,210,Cole Kmet,TE,TE36,CHI,CHI,16,16,78.7,4.92,63.7,3.98,48.7,3.04,261.0,36,43.0,-51.0,215,220,-5.66,-90.62,3.0,1.4,8.75,4.45,3.24,0.6589,12.6,1.0,0,0.0,12,0.75,2,0.125,0,8.0,30,1.88,48,3.0,0.0958,347,21.69,347,2,0.12,17,0,0,1,2.62,1.64,11.57,,11.57,7.23,0.625,0.0667,8.77,4.97,0,1,0,0,0,0.0,0.0,13.0,,0.0,0,0,0,48,30,347,2
174,211,Samaje Perine,RB,RB57,CIN,CIN,15,14,77.9,5.19,69.4,4.63,60.9,4.06,251.0,57,64.0,-40.0,207,193,-5.74,-86.04,3.0,0.22,10.58,4.9,4.74,0.9135,17.0,0.0,0,0.0,13,0.8667,1,0.0667,0,14.0,101,6.73,105,7.0,0.0414,469,31.27,469,3,0.2,37,2,2,0,0.77,0.74,4.64,4.55,5.12,4.14,0.8095,0.0297,-1.52,6.41,0,0,0,0,0,,,,,,84,382,3,21,17,87,0
175,213,Isaac TeSlaa,WR,WR82,DET,DET,14,14,75.9,5.42,67.9,4.85,59.9,4.28,247.0,82,96.0,-34.0,209,194,-5.18,-72.5,4.0,0.0,13.18,3.35,5.61,1.0341,15.2,0.0,0,0.0,11,0.7857,4,0.2857,0,19.0,16,1.14,27,1.93,0.0572,239,17.07,239,6,0.43,14,0,0,0,4.74,2.81,14.94,,14.94,8.85,0.5926,0.375,13.04,3.44,0,0,0,0,0,,,,,,0,0,0,27,16,239,6
176,214,Dontayvion Wicks,WR,WR83,GB,GB,13,13,75.8,5.83,60.8,4.68,45.8,3.52,234.0,83,89.0,-20.0,217,228,-4.77,-62.0,4.0,1.62,8.28,3.9,7.02,1.2039,28.0,1.5,1,0.0769,12,0.9231,1,0.0769,1,3.0,31,2.38,47,3.62,0.1281,338,26.0,338,2,0.15,21,0,0,0,2.45,1.61,10.9,6.0,11.07,7.22,0.6522,0.0645,11.24,2.23,0,0,0,0,0,,,,,,1,6,0,46,30,332,2
177,215,Greg Dortch,WR,WR84,ARI,ARI,12,12,75.1,6.26,60.6,5.05,46.1,3.84,218.0,84,79.0,-3.0,219,226,-4.34,-52.1,4.0,1.02,16.11,3.3,6.02,0.9621,18.6,0.8,0,0.0,10,0.8333,3,0.25,0,12.0,36,3.0,40,3.33,0.0681,221,18.42,221,4,0.33,11,0,0,0,2.09,1.88,6.14,2.14,7.1,6.24,0.8788,0.1111,1.76,6.69,0,0,0,0,0,,,,,,7,15,1,33,29,206,3
178,216,Pat Bryant,WR,WR85,DEN,DEN,13,12,74.8,5.75,59.3,4.56,43.8,3.37,235.0,85,90.0,-19.0,222,234,-4.85,-63.0,4.0,0.32,11.44,5.3,4.14,0.7189,13.2,0.0,0,0.0,11,0.8462,2,0.1538,0,19.0,31,2.38,49,3.77,0.1096,378,29.08,378,1,0.08,22,0,0,0,2.41,1.53,12.19,,12.19,7.71,0.6327,0.0323,8.37,4.74,0,0,0,0,0,,,,,,0,0,0,49,31,378,1
179,217,Noah Fant,TE,TE37,CIN,CIN,13,13,74.8,5.75,57.8,4.45,40.8,3.14,236.0,37,37.0,-19.0,228,247,-4.83,-62.77,3.0,0.26,12.24,5.8,4.73,0.8214,14.4,-0.5,0,0.0,9,0.6923,2,0.1538,0,9.0,34,2.62,41,3.15,0.0915,288,22.15,288,3,0.23,13,3,3,0,2.2,1.82,8.47,,8.47,7.02,0.8293,0.0882,3.34,5.12,0,0,0,0,0,,,,,,0,0,0,41,34,288,3
180,218,Michael Mayer,TE,TE38,LV,LV,13,12,73.8,5.68,56.3,4.33,38.8,2.98,240.0,38,39.0,-22.0,231,258,-4.91,-63.77,3.0,0.4,14.36,4.3,5.6,0.9869,17.9,0.0,2,0.1538,9,0.6923,2,0.1538,1,4.0,35,2.69,50,3.85,0.1372,328,25.23,328,1,0.08,18,0,0,0,2.11,1.48,9.37,,9.37,6.56,0.7,0.0286,4.8,5.6,0,0,0,0,0,,,,,,0,0,0,50,35,328,1
181,219,JuJu Smith-Schuster,WR,WR86,KC,KC,17,16,73.5,4.32,57.0,3.35,40.5,2.38,283.0,86,112.0,-64.0,229,249,-6.28,-106.7,4.0,0.0,9.9,3.3,4.1,0.9491,13.6,0.0,0,0.0,15,0.8824,1,0.0588,0,24.0,33,1.94,45,2.65,0.0863,345,20.29,345,1,0.06,19,0,0,0,2.23,1.63,10.45,,10.45,7.67,0.7333,0.0303,5.42,5.79,0,0,0,0,0,,,,,,0,0,0,45,33,345,1
182,220,Darnell Washington,TE,TE39,PIT,PIT,13,13,73.4,5.65,57.9,4.45,42.4,3.26,241.0,39,40.0,-21.0,227,241,-4.94,-64.17,3.0,2.26,9.2,5.0,2.91,0.516,10.7,2.0,0,0.0,9,0.6923,1,0.0769,0,9.0,31,2.38,43,3.31,0.112,364,28.0,364,1,0.08,16,1,1,1,2.37,1.71,11.74,,11.74,8.47,0.7209,0.0323,5.63,7.39,0,0,0,0,0,,,,,,0,0,0,43,31,364,1
183,221,Jeremy McNichols,RB,RB58,WAS,WAS,16,16,72.7,4.54,60.2,3.76,47.7,2.98,275.0,58,69.0,-54.0,220,221,-6.39,-102.17,3.0,1.2,9.15,3.95,3.78,0.8316,13.8,0.0,0,0.0,14,0.875,2,0.125,0,17.0,69,4.31,75,4.69,0.0782,417,26.06,417,1,0.06,23,1,1,1,1.05,0.97,6.04,5.02,7.84,6.32,0.8065,0.0145,-0.74,8.88,0,0,0,0,0,,,,,,44,221,1,31,25,196,0
184,222,John Metchie III,WR,WR87,NYJ,PHI/NYJ,13,12,71.9,5.53,55.4,4.26,38.9,2.99,244.0,87,93.0,-22.0,235,257,-5.07,-65.9,4.0,0.68,12.28,5.0,5.42,0.9802,18.5,0.0,0,0.0,11,0.8462,2,0.1538,0,11.0,36,2.77,51,3.92,0.1321,269,20.69,269,2,0.15,15,0,0,0,2.0,1.41,7.47,-1.67,8.3,5.71,0.6875,0.0556,5.58,4.24,0,0,0,0,0,,,,,,3,-5,0,48,33,274,2
185,223,Isaiah Davis,RB,RB59,NYJ,NYJ,16,15,71.2,4.45,60.7,3.79,50.2,3.14,279.0,59,70.0,-56.0,218,216,-6.48,-103.67,3.0,0.35,11.75,2.15,5.17,1.1628,17.9,0.0,0,0.0,14,0.875,2,0.125,0,10.0,64,4.0,71,4.44,0.063,422,26.38,422,1,0.06,15,0,0,1,1.11,1.0,6.59,5.49,8.86,6.64,0.75,0.0156,1.14,9.0,0,0,0,0,0,,,,,,43,236,1,28,21,186,0
186,224,Tyler Higbee,TE,TE40,LA,LA,10,9,71.1,7.11,58.6,5.86,46.1,4.61,198.0,40,31.0,26.0,224,226,-3.47,-34.72,3.0,0.0,14.61,5.6,6.28,0.883,20.1,0.0,1,0.1,6,0.6,2,0.2,1,3.0,25,2.5,36,3.6,0.11,281,28.1,281,3,0.3,17,0,0,0,2.84,1.98,11.24,,11.24,7.81,0.6944,0.12,6.06,5.6,0,0,0,0,0,,,,,,0,0,0,36,25,281,3
187,225,Mike Gesicki,TE,TE41,CIN,CIN,12,12,70.7,5.89,56.7,4.73,42.7,3.56,231.0,41,36.0,-6.0,230,239,-4.69,-56.29,3.0,1.83,12.0,3.7,5.58,0.9472,20.6,1.6,1,0.0833,9,0.75,1,0.0833,1,2.0,28,2.33,42,3.5,0.1034,307,25.58,307,2,0.17,19,0,0,0,2.52,1.68,10.96,,10.96,7.31,0.6667,0.0714,9.95,2.25,0,0,0,0,0,,,,,,0,0,0,42,28,307,2
188,228,Matthew Golden,WR,WR88,GB,GB,14,14,70.0,5.0,55.5,3.96,41.0,2.93,257.0,88,100.0,-29.0,233,245,-5.6,-78.4,4.0,0.73,10.94,3.4,4.3,0.8602,13.2,0.0,0,0.0,11,0.7857,2,0.1429,0,22.0,39,2.79,54,3.86,0.1239,410,29.29,410,0,0.0,19,0,0,0,1.79,1.3,10.51,4.9,12.45,8.2,0.6591,0.0,12.55,3.48,0,0,0,0,0,,,,,,10,49,0,44,29,361,0
189,228,Van Jefferson,WR,WR88,TEN,TEN,14,14,70.0,5.0,55.5,3.96,41.0,2.93,257.0,88,100.0,-29.0,233,245,-5.6,-78.4,4.0,1.66,10.27,4.05,3.38,0.6761,11.5,1.6,0,0.0,12,0.8571,2,0.1429,0,24.0,29,2.07,52,3.71,0.1204,350,25.0,350,1,0.07,17,0,0,0,2.41,1.35,12.07,,12.07,6.73,0.5577,0.0345,11.98,2.86,0,0,0,0,0,,,,,,0,0,0,52,29,350,1
190,230,Tre Harris,WR,WR90,LAC,LAC,16,16,69.4,4.34,54.4,3.4,39.4,2.46,282.0,90,111.0,-52.0,239,253,-6.26,-100.2,4.0,1.05,8.35,4.05,2.88,0.6631,9.4,0.0,0,0.0,16,1.0,0,0.0,0,38.0,32,2.0,45,2.81,0.0908,334,20.88,334,1,0.06,18,0,0,0,2.17,1.54,10.44,5.0,10.8,7.53,0.6977,0.0312,9.26,4.63,0,0,0,0,0,,,,,,2,10,0,43,30,324,1
191,232,Jaylin Noel,WR,WR91,HOU,HOU,17,14,68.4,4.02,55.4,3.26,42.4,2.49,298.0,91,120.0,-66.0,235,240,-6.58,-111.8,4.0,0.0,11.46,1.9,4.91,1.2198,14.6,-0.3,0,0.0,14,0.8235,3,0.1765,0,18.0,32,1.88,41,2.41,0.0604,304,17.88,304,2,0.12,13,0,0,0,2.14,1.67,9.5,2.0,11.23,8.34,0.7429,0.0625,9.34,3.81,0,0,0,0,0,,,,,,6,12,0,35,26,292,2
192,233,Tyler Lockett,WR,WR92,LV,TEN/LV,17,17,67.1,3.95,51.1,3.01,35.1,2.06,302.0,92,124.0,-69.0,245,272,-6.65,-113.1,4.0,0.0,9.1,2.9,3.54,0.8975,10.2,0.0,0,0.0,16,0.9412,2,0.1176,0,32.0,32,1.88,55,3.24,0.1111,291,17.12,291,1,0.06,14,0,0,0,2.1,1.22,9.09,,9.09,5.29,0.5818,0.0312,7.75,2.47,0,0,0,0,0,,,,,,0,0,0,55,32,291,1
193,234,DeAndre Hopkins,WR,WR93,BAL,BAL,17,17,67.0,3.94,56.0,3.29,45.0,2.65,303.0,93,125.0,-69.0,232,231,-6.66,-113.2,4.0,0.0,9.46,3.3,4.17,1.0575,14.4,0.0,0,0.0,15,0.8824,2,0.1176,0,29.0,22,1.29,39,2.29,0.0988,330,19.41,330,2,0.12,15,0,0,0,3.05,1.72,15.0,,15.0,8.46,0.5641,0.0909,13.15,2.95,0,0,0,0,0,,,,,,0,0,0,39,22,330,2
194,235,Kalif Raymond,WR,WR94,DET,DET,15,12,66.8,4.45,54.8,3.65,42.8,2.85,278.0,94,108.0,-43.0,237,238,-6.15,-92.2,4.0,0.0,9.66,3.3,4.69,1.0538,16.2,0.0,0,0.0,14,0.9333,3,0.2,0,17.0,26,1.73,32,2.13,0.0599,308,20.53,308,2,0.13,15,0,0,0,2.57,2.09,11.85,9.5,12.04,9.63,0.8,0.0385,5.63,6.54,0,0,0,0,0,,,,,,2,19,0,30,24,289,1
195,236,Devaughn Vele,WR,WR95,NO,NO,9,9,66.3,7.37,53.8,5.98,41.3,4.59,192.0,95,67.0,44.0,240,243,-3.23,-29.1,4.0,2.24,14.18,6.7,6.8,0.9228,23.3,2.0,1,0.1111,7,0.7778,2,0.2222,0,7.0,25,2.78,39,4.33,0.1333,293,32.56,293,2,0.22,19,0,0,0,2.65,1.7,11.72,,11.72,7.51,0.641,0.08,11.08,1.36,0,0,0,0,0,,,,,,0,0,0,39,25,293,2
196,237,Justice Hill,RB,RB60,BAL,BAL,10,9,65.2,6.52,54.7,5.47,44.2,4.42,212.0,60,55.0,25.0,238,233,-4.41,-44.09,3.0,-0.01,11.33,4.5,8.56,1.3129,28.7,-0.1,1,0.1,9,0.9,2,0.2,1,4.0,39,3.9,45,4.5,0.1001,262,26.2,262,3,0.3,10,0,0,0,1.67,1.45,6.72,5.17,8.05,6.26,0.7778,0.0769,-0.22,8.76,0,0,0,0,0,,,,,,18,93,2,27,21,169,1
197,238,Tory Horton,WR,WR96,SEA,SEA,8,7,65.1,8.14,58.6,7.32,52.1,6.51,174.0,96,60.0,64.0,224,212,-2.46,-19.7,4.0,0.0,18.98,6.6,8.7,1.0693,20.8,0.0,1,0.125,4,0.5,3,0.375,0,8.0,13,1.62,22,2.75,0.1058,161,20.12,161,6,0.75,7,0,0,0,5.01,2.96,12.38,,12.38,7.32,0.5909,0.3846,15.32,2.54,0,0,0,0,0,,,,,,0,0,0,22,13,161,5
198,239,Ray Davis,RB,RB61,BUF,BUF,17,13,64.1,3.77,59.1,3.48,54.1,3.18,310.0,61,77.0,-71.0,223,208,-7.16,-121.7,3.0,0.0,7.68,1.6,6.26,1.6607,25.4,0.0,1,0.0588,16,0.9412,2,0.1176,1,3.0,68,4.0,71,4.18,0.0284,361,21.24,361,3,0.18,22,0,0,0,0.94,0.9,5.31,4.74,8.6,6.62,0.7692,0.0294,0.08,9.9,0,0,0,0,0,,,,,,58,275,0,13,10,86,2
199,240,Tommy Tremble,TE,TE42,CAR,CAR,15,15,63.9,4.26,50.4,3.36,36.9,2.46,288.0,42,52.0,-48.0,250,263,-6.32,-94.84,3.0,1.08,10.84,1.7,4.54,1.066,15.2,0.0,1,0.0667,12,0.8,2,0.1333,0,6.0,27,1.8,37,2.47,0.0914,249,16.6,249,2,0.13,10,0,0,0,2.37,1.73,9.22,,9.22,6.73,0.7297,0.0741,4.41,6.07,0,0,0,0,0,,,,,,0,0,0,37,27,249,2
200,241,Brashard Smith,RB,RB62,KC,KC,17,15,63.3,3.72,50.8,2.99,38.3,2.25,312.0,62,78.0,-71.0,247,261,-7.21,-122.5,3.0,0.06,8.48,1.4,4.01,1.076,13.1,0.0,0,0.0,16,0.9412,2,0.1176,0,14.0,69,4.06,79,4.65,0.0658,323,19.0,323,1,0.06,12,0,0,0,0.92,0.8,4.68,3.43,6.88,4.91,0.7143,0.0145,-1.6,9.28,0,0,0,0,0,,,,,,44,151,0,35,25,172,1
