Rank (PPR),Player,Pos,Pos Rank Label,Team,Teams,G,G Active,PPR Pts,PPR PPG,Half PPR Pts,Half PPR PPG,Std Pts,Std PPG,Rank (PPG),Pos Rank,Pos Rank (PPG),Rank Delta,Rank (Half),Rank (Std),VOR PPG,VORP Total,Tier,Floor (P10),Ceiling (P90),Median Wk,Std Dev,CV,Best Wk,Worst Wk,Boom Wks,Boom Rate,Bust Wks,Bust Rate,Starter Wks,Starter Wk Rate,Top 5 Wks,Best Pos Finish,Touches,Touches/G,Opportunities,Opp/G,Target Share (Avg),Scrim Yds,Scrim Yds/G,Total Yds,Total TDs,TDs/G,First Downs,Turnovers,Fumbles Lost,2PT Conv,Pts/Touch,Pts/Opp,Yds/Touch,YPC,YPR,YPT,Catch Rate,TD Rate,aDOT,YAC/Rec,Comp,Att,Pass Yds,Pass TD,INT,Comp %,YPA,Air Yds/Att,TD:INT,Sack Rate,Carries,Rush Yds,Rush TD,Targets,Rec,Rec Yds,Rec TD
2,Puka Nacua,WR,WR1,LA,LA,16,16,375.0,23.44,310.5,19.41,246.0,15.38,2.0,1,1.0,0.0,11,20,12.84,205.4,1.0,13.75,35.85,22.95,10.21,0.4356,46.5,4.8,10,0.625,1,0.0625,15,0.9375,9,1.0,139,8.69,176,11.0,0.3013,1820,113.75,1820,11,0.69,85,1,1,0,2.7,2.13,13.09,10.5,13.29,10.33,0.7771,0.0791,9.43,5.16,0,0,0,0,0,,,,,,10,105,1,166,129,1715,10
7,Jaxon Smith-Njigba,WR,WR2,SEA,SEA,17,17,359.9,21.17,300.4,17.67,240.9,14.17,7.0,2,2.0,0.0,14,22,10.57,179.7,2.0,13.84,28.94,20.6,7.48,0.3534,37.1,4.3,10,0.5882,1,0.0588,16,0.9412,4,1.0,126,7.41,170,10.0,0.3677,1829,107.59,1829,10,0.59,81,1,1,0,2.86,2.12,14.52,5.14,15.07,11.0,0.7301,0.0794,11.25,4.44,0,0,0,0,0,,,,,,7,36,0,163,119,1793,10
11,Amon-Ra St. Brown,WR,WR3,DET,DET,17,17,324.0,19.06,265.5,15.62,207.0,12.18,15.0,3,4.0,-4.0,22,35,8.46,143.8,3.0,7.58,33.62,18.0,10.93,0.5734,41.4,0.0,7,0.4118,4,0.2353,13,0.7647,5,1.0,120,7.06,175,10.29,0.3166,1410,82.94,1410,11,0.65,72,0,0,0,2.7,1.85,11.75,3.0,11.97,8.15,0.6802,0.0917,8.08,4.87,0,0,0,0,0,,,,,,3,9,0,172,117,1401,11
16,Ja'Marr Chase,WR,WR4,CIN,CIN,16,16,313.6,19.6,251.1,15.69,188.6,11.79,14.0,4,3.0,2.0,24,42,9.0,144.0,3.0,6.65,32.75,20.5,10.26,0.5236,38.1,4.6,8,0.5,4,0.25,12,0.75,7,1.0,128,8.0,188,11.75,0.3207,1426,89.12,1426,8,0.5,73,1,1,0,2.45,1.67,11.14,4.67,11.3,7.63,0.6757,0.0625,8.49,5.12,0,0,0,0,0,,,,,,3,14,0,185,125,1412,8
21,George Pickens,WR,WR5,DAL,DAL,17,17,291.9,17.17,245.4,14.44,198.9,11.7,27.0,5,6.0,-6.0,26,37,6.57,111.7,4.0,6.18,30.48,14.8,9.65,0.562,33.4,1.9,5,0.2941,4,0.2353,14,0.8235,5,1.0,93,5.47,137,8.06,0.2252,1429,84.06,1429,9,0.53,73,0,0,1,3.14,2.13,15.37,,15.37,10.43,0.6788,0.0968,11.29,5.15,0,0,0,0,0,,,,,,0,0,0,137,93,1429,9
27,Chris Olave,WR,WR6,NO,NO,16,16,268.0,16.75,218.0,13.62,168.0,10.5,30.0,6,8.0,-3.0,38,50,6.15,98.4,4.0,8.85,26.35,15.2,7.91,0.4725,36.8,6.0,5,0.3125,3,0.1875,13,0.8125,3,2.0,101,6.31,157,9.81,0.2918,1160,72.5,1160,9,0.56,53,1,0,0,2.65,1.71,11.49,-3.0,11.63,7.46,0.641,0.0891,11.8,2.89,0,1,0,0,1,0.0,0.0,4.0,0.0,0.0,1,-3,0,156,100,1163,9
31,Zay Flowers,WR,WR7,BAL,BAL,17,17,243.3,14.31,200.3,11.78,157.3,9.25,57.0,7,13.0,-26.0,44,57,3.71,63.1,4.0,6.48,23.96,13.0,7.48,0.5229,29.8,0.6,4,0.2353,3,0.1765,14,0.8235,2,1.0,96,5.65,128,7.53,0.2988,1273,74.88,1273,6,0.35,51,3,3,0,2.53,1.9,13.26,6.2,14.08,10.26,0.7288,0.0625,10.2,5.33,0,0,0,0,0,,,,,,10,62,1,118,86,1211,5
42,Nico Collins,WR,WR8,HOU,HOU,15,15,226.2,15.08,190.7,12.71,155.2,10.35,46.0,8,11.0,-4.0,48,58,4.48,67.2,4.0,7.42,23.14,14.5,6.5,0.431,24.2,5.5,5,0.3333,5,0.3333,11,0.7333,3,4.0,73,4.87,122,8.13,0.2424,1132,75.47,1132,7,0.47,49,1,1,1,3.1,1.85,15.51,7.5,15.73,9.31,0.5917,0.0959,12.74,4.56,0,0,0,0,0,,,,,,2,15,1,120,71,1117,6
43,Davante Adams,WR,WR9,LA,LA,14,14,222.9,15.92,192.9,13.78,162.9,11.64,38.0,9,9.0,5.0,47,51,5.32,74.5,4.0,7.34,23.14,15.1,6.84,0.4296,26.5,6.9,5,0.3571,4,0.2857,10,0.7143,1,3.0,60,4.29,114,8.14,0.2515,789,56.36,789,14,1.0,51,0,0,0,3.72,1.96,13.15,,13.15,6.92,0.5263,0.2333,12.67,1.95,0,0,0,0,0,,,,,,0,0,0,114,60,789,14
45,Michael Wilson,WR,WR10,ARI,ARI,17,17,220.6,12.98,181.6,10.68,142.6,8.39,75.0,10,21.0,-30.0,57,70,2.38,40.4,4.0,2.76,26.48,8.4,10.6,0.8171,37.2,1.5,4,0.2353,10,0.5882,7,0.4118,2,1.0,78,4.59,126,7.41,0.1922,1006,59.18,1006,7,0.41,51,0,0,0,2.83,1.75,12.9,,12.9,7.98,0.619,0.0897,11.92,3.5,0,0,0,0,0,,,,,,0,0,0,126,78,1006,7
46,A.J. Brown,WR,WR11,PHI,PHI,15,15,220.3,14.69,181.3,12.09,142.3,9.49,50.0,11,12.0,-4.0,58,71,4.09,61.3,4.0,2.94,26.86,12.1,9.75,0.664,35.2,1.8,4,0.2667,5,0.3333,10,0.6667,4,1.0,78,5.2,121,8.07,0.2866,1003,66.87,1003,7,0.47,47,0,0,0,2.82,1.82,12.86,,12.86,8.29,0.6446,0.0897,11.78,3.44,0,0,0,0,0,,,,,,0,0,0,121,78,1003,7
47,Jameson Williams,WR,WR12,DET,DET,17,17,219.9,12.94,187.4,11.02,154.9,9.11,76.0,12,22.0,-29.0,51,59,2.34,39.7,4.0,1.2,24.9,13.4,8.96,0.6929,26.9,0.0,3,0.1765,7,0.4118,10,0.5882,3,2.0,71,4.18,108,6.35,0.1862,1129,66.41,1129,7,0.41,49,0,0,0,3.1,2.04,15.9,2.0,17.18,10.95,0.6373,0.0986,12.64,6.78,0,0,0,0,0,,,,,,6,12,0,102,65,1117,7
48,Courtland Sutton,WR,WR13,DEN,DEN,17,17,219.7,12.92,182.7,10.75,145.7,8.57,77.0,13,23.0,-29.0,55,65,2.32,39.5,4.0,2.26,21.88,12.2,7.48,0.5791,24.3,1.5,3,0.1765,7,0.4118,12,0.7059,2,3.0,74,4.35,124,7.29,0.2107,1017,59.82,1017,7,0.41,52,0,0,1,2.97,1.77,13.74,,13.74,8.2,0.5968,0.0946,12.44,3.0,0,0,0,0,0,,,,,1.0,0,0,0,124,74,1017,7
50,Wan'Dale Robinson,WR,WR14,NYG,NYG,16,16,217.9,13.62,171.9,10.74,125.9,7.87,67.0,14,17.0,-17.0,63,83,3.02,48.3,4.0,4.8,25.25,11.85,8.19,0.6014,30.6,3.6,4,0.25,6,0.375,10,0.625,3,2.0,95,5.94,143,8.94,0.3027,1019,63.69,1019,4,0.25,40,0,0,0,2.29,1.52,10.73,1.67,11.02,7.24,0.6571,0.0421,8.48,4.2,0,0,0,0,0,,,,,,3,5,0,140,92,1014,4
54,Tetairoa McMillan,WR,WR15,CAR,CAR,17,17,213.4,12.55,178.4,10.49,143.4,8.44,81.0,15,24.0,-27.0,59,67,1.95,33.2,4.0,5.58,18.46,11.5,7.07,0.563,33.0,1.5,1,0.0588,5,0.2941,12,0.7059,1,2.0,70,4.12,122,7.18,0.2574,1014,59.65,1014,7,0.41,55,0,0,0,3.05,1.75,14.49,,14.49,8.31,0.5738,0.1,11.56,3.84,0,0,0,0,0,,,,,,0,0,0,122,70,1014,7
55,Tee Higgins,WR,WR16,CIN,CIN,15,15,211.6,14.11,182.1,12.14,152.6,10.17,62.0,16,16.0,-7.0,56,61,3.51,52.6,4.0,6.24,24.96,11.4,8.23,0.5831,33.1,2.5,3,0.2,5,0.3333,11,0.7333,2,2.0,59,3.93,98,6.53,0.1826,846,56.4,846,11,0.73,41,0,0,1,3.59,2.16,14.34,,14.34,8.63,0.602,0.1864,13.41,2.81,0,0,0,0,0,,,,,,0,0,0,98,59,846,11
57,Stefon Diggs,WR,WR17,NE,NE,17,17,210.3,12.37,167.8,9.87,125.3,7.37,86.0,17,26.0,-29.0,67,87,1.77,30.1,4.0,5.48,22.38,11.7,6.81,0.5506,24.6,4.0,3,0.1765,7,0.4118,9,0.5294,1,4.0,85,5.0,102,6.0,0.2186,1013,59.59,1013,4,0.24,51,0,0,0,2.47,2.06,11.92,,11.92,9.93,0.8333,0.0471,8.54,4.16,0,0,0,0,0,,,,,,0,0,0,102,85,1013,4
62,Michael Pittman,WR,WR18,IND,IND,17,17,202.4,11.91,162.4,9.55,122.4,7.2,94.0,18,30.0,-32.0,73,92,1.31,22.2,4.0,3.4,20.62,13.7,7.49,0.6291,23.5,2.3,4,0.2353,8,0.4706,9,0.5294,1,3.0,80,4.71,111,6.53,0.2065,784,46.12,784,7,0.41,47,0,0,1,2.53,1.82,9.8,,9.8,7.06,0.7207,0.0875,8.17,3.24,0,0,0,0,0,,,,,,0,0,0,111,80,784,7
63,Drake London,WR,WR19,ATL,ATL,12,12,201.9,16.82,167.9,13.99,133.9,11.16,28.0,19,7.0,35.0,66,74,6.22,74.7,4.0,5.72,31.12,15.65,11.45,0.6808,38.8,1.4,4,0.3333,4,0.3333,8,0.6667,4,1.0,68,5.67,112,9.33,0.2971,919,76.58,919,7,0.58,46,1,1,1,2.97,1.8,13.51,,13.51,8.21,0.6071,0.1029,10.9,3.37,0,0,0,0,0,,,,,,0,0,0,112,68,919,7
64,DeVonta Smith,WR,WR20,PHI,PHI,17,17,201.8,11.87,163.3,9.61,124.8,7.34,96.0,20,31.0,-32.0,71,89,1.27,21.6,4.0,4.56,19.64,9.3,7.8,0.657,33.3,1.8,2,0.1176,10,0.5882,8,0.4706,1,2.0,77,4.53,113,6.65,0.2458,1008,59.29,1008,4,0.24,44,0,0,0,2.62,1.79,13.09,,13.09,8.92,0.6814,0.0519,11.99,3.81,0,0,0,0,0,,,,,,0,0,0,113,77,1008,4
65,Justin Jefferson,WR,WR21,MIN,MIN,17,17,201.5,11.85,159.5,9.38,117.5,6.91,97.0,21,32.0,-32.0,77,99,1.25,21.3,4.0,3.76,18.76,12.5,5.79,0.4887,22.6,2.4,1,0.0588,6,0.3529,10,0.5882,0,8.0,86,5.06,143,8.41,0.3067,1055,62.06,1055,2,0.12,47,0,0,0,2.34,1.41,12.27,3.5,12.48,7.43,0.5957,0.0233,10.2,5.37,0,0,0,0,0,,,,,,2,7,0,141,84,1048,2
66,CeeDee Lamb,WR,WR22,DAL,DAL,13,13,200.9,15.45,163.4,12.57,125.9,9.68,44.0,22,10.0,22.0,70,83,4.85,63.1,4.0,9.9,21.64,17.1,5.98,0.3873,24.2,1.4,3,0.2308,2,0.1538,11,0.8462,1,5.0,76,5.85,118,9.08,0.251,1079,83.0,1079,3,0.23,43,0,0,0,2.64,1.7,14.2,2.0,14.36,9.21,0.641,0.0395,11.99,4.31,0,0,0,0,0,,,,,,1,2,0,117,75,1077,3
67,Emeka Egbuka,WR,WR23,TB,TB,17,17,195.7,11.51,164.2,9.66,132.7,7.81,105.0,23,36.0,-38.0,69,75,0.91,15.5,4.0,4.04,23.54,9.0,8.42,0.7315,31.3,1.8,4,0.2353,10,0.5882,7,0.4118,3,1.0,65,3.82,129,7.59,0.2356,947,55.71,947,6,0.35,34,0,0,1,3.01,1.52,14.57,4.5,14.89,7.39,0.4961,0.0923,12.38,5.32,0,0,0,0,0,,,,,,2,9,0,127,63,938,6
68,Jaylen Waddle,WR,WR24,MIA,MIA,16,16,194.12,12.13,162.12,10.13,130.12,8.13,91.0,24,29.0,-23.0,74,77,1.53,24.52,4.0,3.55,20.15,13.2,6.87,0.5663,23.0,0.7,2,0.125,7,0.4375,9,0.5625,1,5.0,66,4.12,102,6.38,0.2329,938,58.62,946,6,0.38,49,0,0,0,2.94,1.9,14.21,14.0,14.22,9.1,0.64,0.0909,13.06,3.56,1,1,8,0,0,1.0,8.0,-5.0,,0.0,2,28,0,100,64,910,6
72,Deebo Samuel Sr.,WR,WR25,WAS,WAS,16,16,188.2,11.76,152.2,9.51,116.2,7.26,99.0,25,33.0,-27.0,85,101,1.16,18.6,4.0,4.55,21.65,10.25,6.94,0.5902,23.6,4.1,4,0.25,8,0.5,8,0.5,1,5.0,89,5.56,116,7.25,0.2537,802,50.12,802,6,0.38,36,0,0,0,2.11,1.62,9.01,4.41,10.1,7.34,0.7273,0.0674,5.32,6.47,0,0,0,0,0,,,,,,17,75,1,99,72,727,5
74,DK Metcalf,WR,WR26,PIT,PIT,15,15,187.2,12.48,157.7,10.51,128.2,8.55,84.0,26,25.0,-10.0,79,80,1.88,28.2,4.0,6.32,20.88,12.2,6.0,0.4807,23.6,2.6,2,0.1333,6,0.4,9,0.6,0,7.0,61,4.07,101,6.73,0.2241,862,57.47,862,7,0.47,38,0,0,0,3.07,1.85,14.13,6.0,14.41,8.59,0.596,0.1148,10.55,7.02,0,0,0,0,0,,,,,,2,12,1,99,59,850,6
79,Parker Washington,WR,WR27,JAX,JAX,16,15,184.7,11.54,155.7,9.73,126.7,7.92,104.0,27,35.0,-25.0,81,82,0.94,15.1,4.0,3.8,19.35,9.9,7.41,0.6415,26.5,0.0,1,0.0625,8,0.5,8,0.5,1,3.0,65,4.06,102,6.38,0.1801,847,52.94,847,7,0.44,38,0,0,0,2.84,1.81,13.03,0.0,14.6,8.92,0.6105,0.0769,12.49,4.57,0,0,0,0,0,,,,,,7,0,0,95,58,847,5
80,Alec Pierce,WR,WR28,IND,IND,15,15,183.3,12.22,159.8,10.65,136.3,9.09,88.0,28,27.0,-8.0,76,72,1.62,24.3,4.0,3.0,22.12,10.8,8.3,0.6794,29.2,0.0,2,0.1333,6,0.4,8,0.5333,2,2.0,47,3.13,84,5.6,0.176,1003,66.87,1003,6,0.4,41,0,0,0,3.9,2.18,21.34,,21.34,11.94,0.5595,0.1277,18.96,3.7,0,0,0,0,0,,,,,,0,0,0,84,47,1003,6
81,Keenan Allen,WR,WR29,LAC,LAC,17,17,182.7,10.75,142.2,8.36,101.7,5.98,120.0,29,40.0,-39.0,99,125,0.15,2.5,4.0,4.68,19.62,8.7,6.81,0.6333,28.9,2.7,1,0.0588,11,0.6471,5,0.2941,1,3.0,81,4.76,122,7.18,0.2206,777,45.71,777,4,0.24,49,0,0,0,2.26,1.5,9.59,,9.59,6.37,0.6639,0.0494,8.42,2.85,0,0,0,0,0,,,,,,0,0,0,122,81,777,4
83,Ladd McConkey,WR,WR30,LAC,LAC,16,16,180.9,11.31,147.9,9.24,114.9,7.18,111.0,30,38.0,-28.0,89,102,0.71,11.3,4.0,3.1,20.75,11.6,6.86,0.6063,23.0,2.1,3,0.1875,8,0.5,8,0.5,0,6.0,66,4.12,106,6.62,0.2108,789,49.31,789,6,0.38,35,0,0,0,2.74,1.71,11.95,,11.95,7.44,0.6226,0.0909,9.87,4.7,0,0,0,0,0,,,,,,0,0,0,106,66,789,6
89,Troy Franklin,WR,WR31,DEN,DEN,17,17,177.1,10.42,144.6,8.51,112.1,6.59,129.0,31,43.0,-40.0,95,109,-0.18,-3.1,4.0,2.98,22.08,8.5,7.63,0.732,26.9,0.0,3,0.1765,10,0.5882,8,0.4706,1,1.0,70,4.12,109,6.41,0.1822,721,42.41,721,6,0.35,34,1,1,3,2.53,1.62,10.3,2.4,10.91,6.82,0.625,0.0857,12.7,4.34,0,0,0,0,0,,,,,,5,12,0,104,65,709,6
91,Jakobi Meyers,WR,WR32,JAX,LV/JAX,16,16,175.8,10.99,138.3,8.64,100.8,6.3,117.0,32,39.0,-26.0,101,126,0.39,6.2,4.0,7.05,16.35,9.35,4.35,0.3962,21.3,6.3,1,0.0625,9,0.5625,8,0.5,0,11.0,80,5.0,115,7.19,0.2287,848,53.0,848,3,0.19,44,1,1,0,2.2,1.53,10.6,2.6,11.13,7.59,0.6818,0.0375,9.16,3.76,0,0,0,0,0,,,,,,5,13,0,110,75,835,3
93,Jauan Jennings,WR,WR33,SF,SF,15,15,173.3,11.55,145.8,9.72,118.3,7.89,103.0,33,34.0,-10.0,93,98,0.95,14.3,4.0,4.72,18.46,12.2,5.71,0.4942,19.9,1.7,0,0.0,7,0.4667,9,0.6,0,11.0,55,3.67,90,6.0,0.1992,643,42.87,643,9,0.6,36,1,1,1,3.15,1.93,11.69,,11.69,7.14,0.6111,0.1636,10.06,3.29,0,0,0,0,0,,,,,,0,0,0,90,55,643,9
94,DJ Moore,WR,WR34,CHI,CHI,17,17,172.18,10.13,147.18,8.66,122.18,7.19,134.0,34,46.0,-40.0,90,93,-0.47,-8.02,4.0,1.26,22.93,8.2,8.19,0.8087,23.4,0.0,4,0.2353,10,0.5882,7,0.4118,1,4.0,65,3.82,100,5.88,0.1613,761,44.76,763,8,0.47,38,0,0,0,2.65,1.72,11.71,5.27,13.64,8.02,0.5882,0.1077,11.62,4.44,1,1,2,1,0,1.0,2.0,2.0,,0.0,15,79,1,85,50,682,6
95,Quentin Johnston,WR,WR35,LAC,LAC,13,13,171.2,13.17,145.7,11.21,120.2,9.25,72.0,35,20.0,23.0,94,96,2.57,33.4,4.0,3.62,23.12,14.8,7.44,0.5652,24.9,0.0,3,0.2308,4,0.3077,9,0.6923,1,3.0,53,4.08,86,6.62,0.1997,742,57.08,742,8,0.62,27,1,1,0,3.23,1.99,14.0,3.5,14.41,8.75,0.6071,0.1509,11.77,4.33,0,0,0,0,0,,,,,,2,7,0,84,51,735,8
98,Khalil Shakir,WR,WR36,BUF,BUF,16,16,166.4,10.4,130.4,8.15,94.4,5.9,130.0,36,44.0,-32.0,112,134,-0.2,-3.2,4.0,1.85,17.45,11.15,5.8,0.5578,20.8,0.7,1,0.0625,7,0.4375,9,0.5625,0,6.0,73,4.56,96,6.0,0.2114,724,45.25,724,4,0.25,28,1,1,0,2.28,1.73,9.92,5.0,9.99,7.57,0.7579,0.0548,3.67,7.51,0,0,0,0,0,,,,,,1,5,0,95,72,719,4
99,Romeo Doubs,WR,WR37,GB,GB,16,16,165.4,10.34,137.9,8.62,110.4,6.9,132.0,37,45.0,-33.0,102,110,-0.26,-4.2,4.0,2.9,17.75,9.35,7.26,0.7024,29.8,0.0,1,0.0625,9,0.5625,7,0.4375,1,3.0,55,3.44,85,5.31,0.1888,724,45.25,724,6,0.38,41,0,0,1,3.01,1.95,13.16,,13.16,8.52,0.6471,0.1091,12.76,2.96,0,0,0,0,0,,,,,,0,0,0,85,55,724,6
101,Tre Tucker,WR,WR38,LV,LV,17,17,161.7,9.51,133.2,7.84,104.7,6.16,147.0,38,51.0,-46.0,109,116,-1.09,-18.5,4.0,4.32,13.92,6.8,8.94,0.9397,40.9,0.0,1,0.0588,12,0.7059,6,0.3529,1,1.0,68,4.0,103,6.06,0.1896,747,43.94,747,5,0.29,33,0,0,0,2.38,1.57,10.99,4.64,12.21,7.57,0.6196,0.0735,10.16,5.11,0,0,0,0,0,,,,,,11,51,0,92,57,696,5
106,Rashid Shaheed,WR,WR39,SEA,NO/SEA,18,18,156.6,8.7,127.1,7.06,97.6,5.42,157.0,39,54.0,-51.0,114,128,-1.9,-34.2,4.0,1.62,15.65,8.65,5.84,0.671,21.4,0.5,1,0.0556,12,0.6667,6,0.3333,0,9.0,68,3.78,101,5.61,0.1617,756,42.0,756,4,0.22,32,1,1,0,2.3,1.55,11.12,7.67,11.64,7.47,0.6413,0.0294,11.45,3.0,0,0,0,0,0,,,,,,9,69,0,92,59,687,2
107,Rashee Rice,WR,WR40,KC,KC,8,8,150.1,18.76,123.6,15.45,97.1,12.14,17.0,40,5.0,90.0,118,130,8.16,65.3,3.0,9.08,26.67,20.9,8.11,0.4323,29.4,7.4,4,0.5,2,0.25,7,0.875,2,2.0,58,7.25,83,10.38,0.2903,591,73.88,591,6,0.75,30,0,0,1,2.59,1.81,10.19,4.0,10.77,7.32,0.6795,0.1034,4.33,7.81,0,0,0,0,0,,,,,,5,20,1,78,53,571,5
111,Rome Odunze,WR,WR41,CHI,CHI,12,12,146.1,12.18,124.1,10.34,102.1,8.51,89.0,41,28.0,22.0,117,123,1.58,18.9,4.0,3.03,20.38,11.75,9.17,0.7534,31.8,0.0,2,0.1667,6,0.5,6,0.5,1,4.0,44,3.67,90,7.5,0.2363,661,55.08,661,6,0.5,37,0,0,0,3.32,1.62,15.02,,15.02,7.34,0.4889,0.1364,13.91,4.86,0,0,0,0,0,,,,,,0,0,0,90,44,661,6
117,Brian Thomas Jr.,WR,WR42,JAX,JAX,14,14,138.8,9.91,114.8,8.2,90.8,6.49,135.0,42,47.0,-18.0,129,138,-0.69,-9.6,4.0,5.19,15.57,8.7,5.01,0.5057,23.0,3.8,1,0.0714,9,0.6429,5,0.3571,0,6.0,51,3.64,94,6.71,0.1931,728,52.0,728,3,0.21,35,0,0,0,2.72,1.48,14.27,7.0,14.73,7.77,0.5275,0.0588,14.45,3.31,0,0,0,0,0,,,,,,3,21,1,91,48,707,2
119,Josh Downs,WR,WR43,IND,IND,16,16,138.4,8.65,109.4,6.84,80.4,5.03,159.0,43,55.0,-40.0,136,153,-1.95,-31.2,4.0,3.1,14.55,8.0,4.74,0.5476,17.7,1.3,0,0.0,9,0.5625,6,0.375,0,15.0,60,3.75,90,5.62,0.1746,564,35.25,564,4,0.25,36,0,0,0,2.31,1.54,9.4,-1.0,9.76,6.43,0.6591,0.0667,7.49,2.48,0,0,0,0,0,,,,,,2,-2,0,88,58,566,4
120,Marquise Brown,WR,WR44,KC,KC,16,16,137.7,8.61,113.2,7.07,88.7,5.54,161.0,44,56.0,-41.0,132,141,-1.99,-31.9,4.0,1.85,16.35,8.5,5.69,0.6608,20.5,0.0,1,0.0625,13,0.8125,6,0.375,0,8.0,49,3.06,74,4.62,0.142,587,36.69,587,5,0.31,29,0,0,0,2.81,1.86,11.98,,11.98,7.93,0.6622,0.102,11.3,3.88,0,0,0,0,0,,,,,,0,0,0,74,49,587,5
122,Jordan Addison,WR,WR45,MIN,MIN,14,14,135.1,9.65,114.1,8.15,93.1,6.65,145.0,45,50.0,-23.0,131,135,-0.95,-13.3,4.0,2.64,15.31,9.3,5.66,0.5867,21.8,0.0,1,0.0714,8,0.5714,7,0.5,0,11.0,44,3.14,81,5.79,0.1822,691,49.36,691,4,0.29,28,0,0,0,3.07,1.67,15.7,40.5,14.52,7.72,0.5316,0.0909,13.71,3.31,0,0,0,0,0,,,,,,2,81,1,79,42,610,3
124,Christian Watson,WR,WR46,GB,GB,10,10,132.4,13.24,114.9,11.49,97.4,9.74,71.0,46,19.0,53.0,128,129,2.64,26.4,4.0,5.68,22.56,11.2,7.67,0.5793,24.9,3.7,3,0.3,5,0.5,6,0.6,1,5.0,36,3.6,56,5.6,0.2031,614,61.4,614,6,0.6,28,0,0,0,3.68,2.36,17.06,3.0,17.46,11.11,0.6364,0.1667,17.76,3.37,0,0,0,0,0,,,,,,1,3,0,55,35,611,6
129,Jayden Higgins,WR,WR47,HOU,HOU,17,17,129.5,7.62,109.0,6.41,88.5,5.21,184.0,47,63.0,-55.0,137,142,-2.98,-50.7,4.0,1.4,14.36,7.2,5.37,0.705,16.8,0.0,0,0.0,11,0.6471,8,0.4706,0,11.0,41,2.41,68,4.0,0.1238,525,30.88,525,6,0.35,28,0,0,0,3.16,1.9,12.8,,12.8,7.72,0.6029,0.1463,12.34,3.0,0,0,0,0,0,,,,,,0,0,0,68,41,525,6
131,Chimere Dike,WR,WR48,TEN,TEN,17,17,128.1,7.54,104.1,6.12,80.1,4.71,188.0,48,65.0,-57.0,147,154,-3.06,-52.1,4.0,1.5,16.6,5.0,6.48,0.8596,21.4,-0.4,1,0.0588,11,0.6471,6,0.3529,0,10.0,59,3.47,85,5.0,0.139,441,25.94,441,6,0.35,20,0,0,0,2.17,1.51,7.47,1.64,8.81,5.72,0.6486,0.0678,8.09,4.58,0,0,0,0,0,,,,,,11,18,0,74,48,423,4
132,Luther Burden III,WR,WR49,CHI,CHI,15,15,127.9,8.53,104.4,6.96,80.9,5.39,165.0,49,58.0,-33.0,146,152,-2.07,-31.1,4.0,1.14,17.64,7.6,7.54,0.8844,27.8,0.7,1,0.0667,11,0.7333,6,0.4,1,1.0,53,3.53,66,4.4,0.1305,689,45.93,689,2,0.13,30,0,0,0,2.41,1.94,13.0,6.17,13.87,10.87,0.7833,0.0377,7.67,7.11,0,0,0,0,0,,,,,,6,37,0,60,47,652,2
133,Marvin Harrison Jr.,WR,WR50,ARI,ARI,12,12,127.8,10.65,107.3,8.94,86.8,7.23,122.0,50,41.0,11.0,140,144,0.05,0.6,4.0,2.63,18.55,10.35,7.1,0.667,22.6,0.0,1,0.0833,6,0.5,6,0.5,0,6.0,41,3.42,73,6.08,0.1805,608,50.67,608,4,0.33,30,0,0,1,3.12,1.75,14.83,,14.83,8.33,0.5616,0.0976,12.96,2.9,0,0,0,0,0,,,,,,0,0,0,73,41,608,4
141,Kayshon Boutte,WR,WR51,NE,NE,14,14,124.1,8.86,107.6,7.69,91.1,6.51,154.0,51,53.0,-13.0,139,136,-1.74,-24.3,4.0,2.66,16.44,6.05,7.37,0.8317,26.3,0.0,1,0.0714,9,0.6429,5,0.3571,1,4.0,33,2.36,46,3.29,0.1198,551,39.36,551,6,0.43,27,0,0,0,3.76,2.7,16.7,,16.7,11.98,0.7174,0.1818,16.98,1.15,0,0,0,0,0,,,,,,0,0,0,46,33,551,6
146,Jerry Jeudy,WR,WR52,CLE,CLE,17,17,120.7,7.1,95.7,5.63,70.7,4.16,199.0,52,70.0,-53.0,155,168,-3.5,-59.5,4.0,2.82,13.6,5.1,5.22,0.7347,19.8,0.0,0,0.0,13,0.7647,5,0.2941,0,11.0,51,3.0,107,6.29,0.2053,607,35.71,607,2,0.12,32,1,1,0,2.37,1.13,11.9,5.0,12.04,5.68,0.4717,0.0392,12.15,3.32,0,0,0,0,0,,,,,,1,5,0,106,50,602,2
152,Malik Washington,WR,WR53,MIA,MIA,17,17,116.7,6.86,93.7,5.51,70.7,4.16,203.0,53,72.0,-51.0,159,168,-3.74,-63.5,4.0,3.2,10.84,7.0,3.32,0.4836,13.6,1.5,0,0.0,14,0.8235,3,0.1765,0,20.0,63,3.71,82,4.82,0.1442,427,25.12,427,5,0.29,21,1,1,0,1.85,1.42,6.78,6.47,6.89,4.88,0.7077,0.0635,5.18,5.5,0,0,0,0,0,,,,,,17,110,1,65,46,317,3
153,Elic Ayomanor,WR,WR54,TEN,TEN,16,16,116.5,7.28,96.0,6.0,75.5,4.72,194.0,54,68.0,-41.0,153,161,-3.32,-53.1,4.0,2.9,13.75,7.0,4.24,0.5822,15.6,1.5,0,0.0,13,0.8125,4,0.25,0,21.0,41,2.56,89,5.56,0.1848,515,32.19,515,4,0.25,30,0,0,0,2.84,1.31,12.56,,12.56,5.79,0.4607,0.0976,12.65,2.8,0,0,0,0,0,,,,,,0,0,0,89,41,515,4
154,Cooper Kupp,WR,WR55,SEA,SEA,16,16,116.3,7.27,92.8,5.8,69.3,4.33,195.0,55,69.0,-41.0,161,172,-3.33,-53.3,4.0,2.85,11.95,6.0,4.05,0.5577,16.0,1.6,0,0.0,12,0.75,5,0.3125,0,21.0,47,2.94,70,4.38,0.1599,593,37.06,593,2,0.12,26,2,1,1,2.47,1.66,12.62,,12.62,8.47,0.6714,0.0426,7.6,6.23,0,1,0,0,1,0.0,0.0,9.0,0.0,0.0,0,0,0,70,47,593,2
157,Terry McLaurin,WR,WR56,WAS,WAS,10,10,114.2,11.42,95.2,9.52,76.2,7.62,108.0,56,37.0,49.0,156,160,0.82,8.2,4.0,6.86,16.57,10.1,5.1,0.4466,22.6,4.7,1,0.1,5,0.5,6,0.6,0,8.0,38,3.8,60,6.0,0.2323,582,58.2,582,3,0.3,33,0,0,0,3.01,1.9,15.32,,15.32,9.7,0.6333,0.0789,13.98,2.45,0,0,0,0,0,,,,,,0,0,0,60,38,582,3
158,Ryan Flournoy,WR,WR57,DAL,DAL,15,13,114.0,7.6,94.0,6.27,74.0,4.93,186.0,57,64.0,-28.0,158,163,-3.0,-45.0,4.0,0.0,15.76,6.4,7.23,0.9512,26.5,0.0,1,0.0667,12,0.8,3,0.2,1,5.0,44,2.93,60,4.0,0.1106,500,33.33,500,4,0.27,31,0,0,0,2.59,1.9,11.36,6.25,11.88,8.48,0.7143,0.0909,8.32,5.1,0,0,0,0,0,,,,,,4,25,0,56,40,475,4
160,Mack Hollins,WR,WR58,NE,NE,14,14,113.4,8.1,90.4,6.46,67.4,4.81,175.0,58,61.0,-15.0,164,179,-2.5,-35.0,4.0,3.47,15.3,7.35,4.61,0.5697,16.6,1.3,0,0.0,10,0.7143,4,0.2857,0,15.0,47,3.36,66,4.71,0.1625,554,39.57,554,2,0.14,28,0,0,0,2.41,1.72,11.79,4.0,11.96,8.46,0.7077,0.0426,13.09,2.35,0,0,0,0,0,,,,,,1,4,0,65,46,550,2
163,Xavier Worthy,WR,WR59,KC,KC,14,14,109.9,7.85,88.9,6.35,67.9,4.85,178.0,59,62.0,-15.0,166,176,-2.75,-38.5,4.0,1.72,11.31,8.15,4.52,0.5764,17.1,0.0,0,0.0,9,0.6429,5,0.3571,0,16.0,53,3.79,84,6.0,0.1606,619,44.21,619,1,0.07,26,0,0,0,2.07,1.31,11.68,7.91,12.67,7.29,0.5753,0.0189,12.93,4.6,0,0,0,0,0,,,,,,11,87,0,73,42,532,1
169,Keon Coleman,WR,WR60,BUF,BUF,12,12,102.4,8.53,83.4,6.95,64.4,5.37,164.0,60,57.0,5.0,177,185,-2.07,-24.8,4.0,3.74,13.27,6.75,6.05,0.7091,25.2,3.6,1,0.0833,9,0.75,3,0.25,1,2.0,38,3.17,59,4.92,0.1668,404,33.67,404,4,0.33,26,1,1,1,2.69,1.74,10.63,,10.63,6.85,0.6441,0.1053,11.17,2.32,0,0,0,0,0,,,,,,0,0,0,59,38,404,4
170,Jalen Nailor,WR,WR61,MIN,MIN,17,17,100.7,5.92,86.2,5.07,71.7,4.22,228.0,61,88.0,-58.0,172,166,-4.68,-79.5,4.0,0.0,13.32,5.7,6.66,1.1236,23.4,0.0,1,0.0588,15,0.8824,2,0.1176,1,4.0,31,1.82,55,3.24,0.1165,457,26.88,457,4,0.24,24,0,0,1,3.25,1.83,14.74,6.5,15.31,8.38,0.5472,0.129,12.38,3.86,0,0,0,0,0,,,,,,2,13,0,53,29,444,4
173,Garrett Wilson,WR,WR62,NYJ,NYJ,7,7,99.5,14.21,81.5,11.64,63.5,9.07,60.0,62,15.0,113.0,181,187,3.61,25.3,4.0,2.58,23.26,19.1,9.66,0.6794,24.4,0.0,3,0.4286,3,0.4286,4,0.5714,1,2.0,36,5.14,59,8.43,0.3539,395,56.43,395,4,0.57,18,0,0,0,2.76,1.69,10.97,,10.97,6.69,0.6102,0.1111,9.07,2.78,0,0,0,0,0,,,,,,0,0,0,59,36,395,4
176,Darius Slayton,WR,WR63,NYG,NYG,14,14,98.8,7.06,80.3,5.74,61.8,4.41,200.0,63,71.0,-24.0,183,190,-3.54,-49.6,4.0,2.25,12.39,7.2,4.12,0.5844,14.1,0.0,0,0.0,11,0.7857,4,0.2857,0,19.0,37,2.64,63,4.5,0.1546,538,38.43,538,1,0.07,23,1,1,2,2.67,1.57,14.54,,14.54,8.54,0.5873,0.027,13.38,5.35,0,0,0,0,0,,,,,,0,0,0,63,37,538,1
177,Xavier Hutchinson,WR,WR64,HOU,HOU,16,16,98.0,6.12,80.5,5.03,63.0,3.94,222.0,64,82.0,-45.0,182,189,-4.48,-71.6,4.0,1.15,15.1,4.9,5.37,0.8767,17.9,0.0,0,0.0,13,0.8125,3,0.1875,0,9.0,38,2.38,60,3.75,0.112,450,28.12,450,3,0.19,21,0,0,0,2.58,1.63,11.84,7.33,12.23,7.51,0.614,0.0789,10.25,4.17,0,0,0,0,0,,,,,,3,22,0,57,35,428,3
178,DeMario Douglas,WR,WR65,NE,NE,16,16,95.8,5.99,80.3,5.02,64.8,4.05,225.0,65,85.0,-47.0,183,183,-4.61,-73.8,4.0,1.7,12.15,5.15,5.2,0.8686,20.0,0.5,1,0.0625,14,0.875,2,0.125,0,10.0,38,2.38,53,3.31,0.0976,468,29.25,468,3,0.19,19,0,0,0,2.52,1.81,12.32,3.0,14.42,9.72,0.6739,0.0789,9.67,6.9,0,0,0,0,0,,,,,,7,21,0,46,31,447,3
179,Marvin Mims Jr.,WR,WR66,DEN,DEN,15,15,95.0,6.33,76.5,5.1,58.0,3.87,216.0,66,77.0,-37.0,190,198,-4.27,-64.0,4.0,1.56,13.64,4.2,5.54,0.8746,20.5,0.2,1,0.0667,12,0.8,2,0.1333,0,9.0,49,3.27,63,4.2,0.0994,400,26.67,400,3,0.2,17,0,0,0,1.94,1.51,8.16,6.5,8.7,6.31,0.7255,0.0408,9.37,6.24,0,0,0,0,0,,,,,,12,78,1,51,37,322,1
183,Tez Johnson,WR,WR67,TB,TB,15,15,92.4,6.16,78.4,5.23,64.4,4.29,220.0,67,80.0,-37.0,185,185,-4.44,-66.6,4.0,0.0,14.4,3.2,6.51,1.0564,20.2,0.0,1,0.0667,11,0.7333,4,0.2667,0,10.0,35,2.33,51,3.4,0.0916,344,22.93,344,5,0.33,16,0,0,0,2.64,1.81,9.83,3.14,11.5,7.32,0.6364,0.1429,11.73,3.93,0,0,0,0,0,,,,,,7,22,0,44,28,322,5
184,Kendrick Bourne,WR,WR68,SF,SF,14,14,92.1,6.58,73.6,5.26,55.1,3.94,211.0,68,76.0,-27.0,193,202,-4.02,-56.3,4.0,0.81,15.78,4.55,6.89,1.0475,24.2,0.0,1,0.0714,12,0.8571,2,0.1429,0,6.0,37,2.64,53,3.79,0.108,551,39.36,551,0,0.0,27,0,0,0,2.49,1.74,14.89,,14.89,10.4,0.6981,0.0,11.02,4.46,0,0,0,0,0,,,,,,0,0,0,53,37,551,0
188,Jalen Coker,WR,WR69,CAR,CAR,11,11,90.4,8.22,73.9,6.72,57.4,5.22,172.0,69,59.0,16.0,192,199,-2.38,-26.2,4.0,1.9,16.7,6.6,5.87,0.7137,17.4,0.0,0,0.0,7,0.6364,4,0.3636,0,12.0,33,3.0,43,3.91,0.154,394,35.82,394,3,0.27,22,1,1,1,2.74,2.1,11.94,,11.94,9.16,0.7674,0.0909,10.12,3.09,0,0,0,0,0,,,,,,0,0,0,43,33,394,3
189,Andrei Iosivas,WR,WR70,CIN,CIN,15,15,89.9,5.99,73.4,4.89,56.9,3.79,224.0,70,84.0,-35.0,194,200,-4.61,-69.1,4.0,0.6,12.16,3.7,5.18,0.8646,18.0,0.0,0,0.0,12,0.8,3,0.2,0,13.0,36,2.4,61,4.07,0.102,449,29.93,449,2,0.13,24,0,0,0,2.5,1.47,12.47,4.67,13.18,7.5,0.569,0.0556,10.45,3.12,0,0,0,0,0,,,,,,3,14,0,58,33,435,2
190,Xavier Legette,WR,WR71,CAR,CAR,15,15,89.3,5.95,71.8,4.79,54.3,3.62,227.0,71,87.0,-37.0,195,207,-4.65,-69.7,4.0,0.92,15.42,3.7,6.86,1.1524,24.2,0.0,1,0.0667,12,0.8,2,0.1333,0,8.0,36,2.4,65,4.33,0.143,363,24.2,363,3,0.2,18,0,0,0,2.48,1.37,10.08,0.0,10.37,5.67,0.5469,0.0833,9.89,2.14,0,0,0,0,0,,,,,,1,0,0,64,35,363,3
193,Ricky Pearsall,WR,WR72,SF,SF,9,9,88.6,9.84,70.6,7.84,52.6,5.84,139.0,72,48.0,54.0,201,211,-0.76,-6.8,4.0,2.44,16.42,9.2,6.51,0.6618,19.7,1.0,0,0.0,5,0.5556,4,0.4444,0,11.0,38,4.22,55,6.11,0.1796,526,58.44,526,0,0.0,28,0,0,0,2.33,1.61,13.84,-1.0,14.67,9.96,0.6792,0.0,14.11,2.06,0,0,0,0,0,,,,,,2,-2,0,53,36,528,0
196,Adonai Mitchell,WR,WR73,NYJ,IND/NYJ,16,16,87.9,5.49,71.4,4.46,54.9,3.43,245.0,73,94.0,-49.0,197,203,-5.11,-81.7,4.0,0.0,14.0,3.7,6.79,1.2356,24.2,0.0,1,0.0625,13,0.8125,3,0.1875,1,5.0,34,2.12,75,4.69,0.1534,449,28.06,449,2,0.12,15,1,1,0,2.59,1.17,13.21,-4.0,13.73,6.12,0.4459,0.0588,14.89,2.42,0,0,0,0,0,,,,,,1,-4,0,74,33,453,2
200,Calvin Austin III,WR,WR74,PIT,PIT,14,14,86.2,6.16,70.7,5.05,55.2,3.94,221.0,74,81.0,-21.0,200,201,-4.44,-62.2,4.0,0.45,13.87,3.75,5.5,0.8937,17.0,0.0,0,0.0,10,0.7143,4,0.2857,0,14.0,31,2.21,55,3.93,0.1309,372,26.57,372,3,0.21,15,0,0,0,2.78,1.57,12.0,,12.0,6.76,0.5636,0.0968,11.0,4.13,0,0,0,0,0,,,,,,0,0,0,55,31,372,3
203,Olamide Zaccheaus,WR,WR75,CHI,CHI,14,14,84.8,6.06,65.3,4.66,45.8,3.27,223.0,75,83.0,-20.0,214,228,-4.54,-63.6,4.0,1.53,9.94,5.05,4.6,0.7593,17.8,0.0,0,0.0,12,0.8571,2,0.1429,0,14.0,43,3.07,69,4.93,0.147,338,24.14,338,2,0.14,16,0,0,0,1.97,1.23,7.86,6.25,8.03,4.82,0.6,0.0465,7.11,3.54,0,0,0,0,0,,,,,,4,25,0,65,39,313,2
203,Mike Evans,WR,WR75,TB,TB,8,8,84.8,10.6,69.8,8.73,54.8,6.85,124.0,75,42.0,79.0,204,204,0.0,0.0,4.0,3.78,15.63,11.35,5.8,0.5471,19.2,0.0,0,0.0,2,0.25,4,0.5,0,11.0,30,3.75,62,7.75,0.2434,368,46.0,368,3,0.38,23,0,0,0,2.83,1.37,12.27,,12.27,5.94,0.4839,0.1,13.29,1.23,0,0,0,0,0,,,,,,0,0,0,62,30,368,3
205,KaVontae Turpin,WR,WR77,DAL,DAL,15,15,84.5,5.63,71.5,4.77,58.5,3.9,242.0,77,92.0,-37.0,196,197,-4.97,-74.5,4.0,0.88,12.7,4.7,4.65,0.8256,15.6,0.7,0,0.0,13,0.8667,2,0.1333,0,14.0,43,2.87,55,3.67,0.0693,485,32.33,485,2,0.13,19,1,1,0,1.97,1.54,11.28,5.24,15.23,10.42,0.6842,0.0465,8.92,8.23,0,0,0,0,0,,,,,,17,89,0,38,26,396,2
206,Chris Godwin Jr.,WR,WR78,TB,TB,9,9,83.0,9.22,66.5,7.39,50.0,5.56,150.0,78,52.0,56.0,211,217,-1.38,-12.4,4.0,2.68,15.96,8.0,6.73,0.7297,23.8,1.8,1,0.1111,5,0.5556,4,0.4444,1,4.0,33,3.67,51,5.67,0.1791,360,40.0,360,2,0.22,21,0,0,1,2.52,1.63,10.91,,10.91,7.06,0.6471,0.0606,7.08,6.24,0,0,0,0,0,,,,,,0,0,0,51,33,360,2
207,Darnell Mooney,WR,WR79,ATL,ATL,15,15,82.3,5.49,66.3,4.42,50.3,3.35,246.0,79,95.0,-39.0,212,215,-5.11,-76.7,4.0,2.26,9.24,4.5,3.83,0.6972,16.4,1.6,0,0.0,14,0.9333,2,0.1333,0,16.0,32,2.13,72,4.8,0.1622,443,29.53,443,1,0.07,25,0,0,0,2.57,1.14,13.84,,13.84,6.15,0.4444,0.0312,14.15,2.28,0,0,0,0,0,,,,,,0,0,0,72,32,443,1
208,Sterling Shepard,WR,WR80,TB,TB,13,13,82.0,6.31,62.5,4.81,43.0,3.31,217.0,80,78.0,-9.0,216,236,-4.29,-55.8,4.0,1.56,11.54,6.9,3.63,0.5753,12.0,1.5,0,0.0,10,0.7692,3,0.2308,0,30.0,43,3.31,57,4.38,0.1268,390,30.0,390,1,0.08,19,1,1,0,1.91,1.44,9.07,4.75,9.51,7.0,0.7358,0.0233,8.55,3.82,0,0,0,0,0,,,,,,4,19,0,53,39,371,1
209,Tyquan Thornton,WR,WR81,KC,KC,12,11,80.8,6.73,71.3,5.94,61.8,5.15,206.0,81,74.0,3.0,198,190,-3.87,-46.4,4.0,0.0,13.71,6.4,5.71,0.8474,18.1,0.0,0,0.0,9,0.75,3,0.25,0,15.0,19,1.58,37,3.08,0.0903,438,36.5,438,3,0.25,15,0,0,0,4.25,2.18,23.05,,23.05,11.84,0.5135,0.1579,26.89,3.11,0,0,0,0,0,,,,,,0,0,0,37,19,438,3
213,Isaac TeSlaa,WR,WR82,DET,DET,14,14,75.9,5.42,67.9,4.85,59.9,4.28,247.0,82,96.0,-34.0,209,194,-5.18,-72.5,4.0,0.0,13.18,3.35,5.61,1.0341,15.2,0.0,0,0.0,11,0.7857,4,0.2857,0,19.0,16,1.14,27,1.93,0.0572,239,17.07,239,6,0.43,14,0,0,0,4.74,2.81,14.94,,14.94,8.85,0.5926,0.375,13.04,3.44,0,0,0,0,0,,,,,,0,0,0,27,16,239,6
214,Dontayvion Wicks,WR,WR83,GB,GB,13,13,75.8,5.83,60.8,4.68,45.8,3.52,234.0,83,89.0,-20.0,217,228,-4.77,-62.0,4.0,1.62,8.28,3.9,7.02,1.2039,28.0,1.5,1,0.0769,12,0.9231,1,0.0769,1,3.0,31,2.38,47,3.62,0.1281,338,26.0,338,2,0.15,21,0,0,0,2.45,1.61,10.9,6.0,11.07,7.22,0.6522,0.0645,11.24,2.23,0,0,0,0,0,,,,,,1,6,0,46,30,332,2
215,Greg Dortch,WR,WR84,ARI,ARI,12,12,75.1,6.26,60.6,5.05,46.1,3.84,218.0,84,79.0,-3.0,219,226,-4.34,-52.1,4.0,1.02,16.11,3.3,6.02,0.9621,18.6,0.8,0,0.0,10,0.8333,3,0.25,0,12.0,36,3.0,40,3.33,0.0681,221,18.42,221,4,0.33,11,0,0,0,2.09,1.88,6.14,2.14,7.1,6.24,0.8788,0.1111,1.76,6.69,0,0,0,0,0,,,,,,7,15,1,33,29,206,3
216,Pat Bryant,WR,WR85,DEN,DEN,13,12,74.8,5.75,59.3,4.56,43.8,3.37,235.0,85,90.0,-19.0,222,234,-4.85,-63.0,4.0,0.32,11.44,5.3,4.14,0.7189,13.2,0.0,0,0.0,11,0.8462,2,0.1538,0,19.0,31,2.38,49,3.77,0.1096,378,29.08,378,1,0.08,22,0,0,0,2.41,1.53,12.19,,12.19,7.71,0.6327,0.0323,8.37,4.74,0,0,0,0,0,,,,,,0,0,0,49,31,378,1
219,JuJu Smith-Schuster,WR,WR86,KC,KC,17,16,73.5,4.32,57.0,3.35,40.5,2.38,283.0,86,112.0,-64.0,229,249,-6.28,-106.7,4.0,0.0,9.9,3.3,4.1,0.9491,13.6,0.0,0,0.0,15,0.8824,1,0.0588,0,24.0,33,1.94,45,2.65,0.0863,345,20.29,345,1,0.06,19,0,0,0,2.23,1.63,10.45,,10.45,7.67,0.7333,0.0303,5.42,5.79,0,0,0,0,0,,,,,,0,0,0,45,33,345,1
222,John Metchie III,WR,WR87,NYJ,PHI/NYJ,13,12,71.9,5.53,55.4,4.26,38.9,2.99,244.0,87,93.0,-22.0,235,257,-5.07,-65.9,4.0,0.68,12.28,5.0,5.42,0.9802,18.5,0.0,0,0.0,11,0.8462,2,0.1538,0,11.0,36,2.77,51,3.92,0.1321,269,20.69,269,2,0.15,15,0,0,0,2.0,1.41,7.47,-1.67,8.3,5.71,0.6875,0.0556,5.58,4.24,0,0,0,0,0,,,,,,3,-5,0,48,33,274,2
228,Matthew Golden,WR,WR88,GB,GB,14,14,70.0,5.0,55.5,3.96,41.0,2.93,257.0,88,100.0,-29.0,233,245,-5.6,-78.4,4.0,0.73,10.94,3.4,4.3,0.8602,13.2,0.0,0,0.0,11,0.7857,2,0.1429,0,22.0,39,2.79,54,3.86,0.1239,410,29.29,410,0,0.0,19,0,0,0,1.79,1.3,10.51,4.9,12.45,8.2,0.6591,0.0,12.55,3.48,0,0,0,0,0,,,,,,10,49,0,44,29,361,0
228,Van Jefferson,WR,WR88,TEN,TEN,14,14,70.0,5.0,55.5,3.96,41.0,2.93,257.0,88,100.0,-29.0,233,245,-5.6,-78.4,4.0,1.66,10.27,4.05,3.38,0.6761,11.5,1.6,0,0.0,12,0.8571,2,0.1429,0,24.0,29,2.07,52,3.71,0.1204,350,25.0,350,1,0.07,17,0,0,0,2.41,1.35,12.07,,12.07,6.73,0.5577,0.0345,11.98,2.86,0,0,0,0,0,,,,,,0,0,0,52,29,350,1
230,Tre Harris,WR,WR90,LAC,LAC,16,16,69.4,4.34,54.4,3.4,39.4,2.46,282.0,90,111.0,-52.0,239,253,-6.26,-100.2,4.0,1.05,8.35,4.05,2.88,0.6631,9.4,0.0,0,0.0,16,1.0,0,0.0,0,38.0,32,2.0,45,2.81,0.0908,334,20.88,334,1,0.06,18,0,0,0,2.17,1.54,10.44,5.0,10.8,7.53,0.6977,0.0312,9.26,4.63,0,0,0,0,0,,,,,,2,10,0,43,30,324,1
232,Jaylin Noel,WR,WR91,HOU,HOU,17,14,68.4,4.02,55.4,3.26,42.4,2.49,298.0,91,120.0,-66.0,235,240,-6.58,-111.8,4.0,0.0,11.46,1.9,4.91,1.2198,14.6,-0.3,0,0.0,14,0.8235,3,0.1765,0,18.0,32,1.88,41,2.41,0.0604,304,17.88,304,2,0.12,13,0,0,0,2.14,1.67,9.5,2.0,11.23,8.34,0.7429,0.0625,9.34,3.81,0,0,0,0,0,,,,,,6,12,0,35,26,292,2
233,Tyler Lockett,WR,WR92,LV,TEN/LV,17,17,67.1,3.95,51.1,3.01,35.1,2.06,302.0,92,124.0,-69.0,245,272,-6.65,-113.1,4.0,0.0,9.1,2.9,3.54,0.8975,10.2,0.0,0,0.0,16,0.9412,2,0.1176,0,32.0,32,1.88,55,3.24,0.1111,291,17.12,291,1,0.06,14,0,0,0,2.1,1.22,9.09,,9.09,5.29,0.5818,0.0312,7.75,2.47,0,0,0,0,0,,,,,,0,0,0,55,32,291,1
234,DeAndre Hopkins,WR,WR93,BAL,BAL,17,17,67.0,3.94,56.0,3.29,45.0,2.65,303.0,93,125.0,-69.0,232,231,-6.66,-113.2,4.0,0.0,9.46,3.3,4.17,1.0575,14.4,0.0,0,0.0,15,0.8824,2,0.1176,0,29.0,22,1.29,39,2.29,0.0988,330,19.41,330,2,0.12,15,0,0,0,3.05,1.72,15.0,,15.0,8.46,0.5641,0.0909,13.15,2.95,0,0,0,0,0,,,,,,0,0,0,39,22,330,2
235,Kalif Raymond,WR,WR94,DET,DET,15,12,66.8,4.45,54.8,3.65,42.8,2.85,278.0,94,108.0,-43.0,237,238,-6.15,-92.2,4.0,0.0,9.66,3.3,4.69,1.0538,16.2,0.0,0,0.0,14,0.9333,3,0.2,0,17.0,26,1.73,32,2.13,0.0599,308,20.53,308,2,0.13,15,0,0,0,2.57,2.09,11.85,9.5,12.04,9.63,0.8,0.0385,5.63,6.54,0,0,0,0,0,,,,,,2,19,0,30,24,289,1
236,Devaughn Vele,WR,WR95,NO,NO,9,9,66.3,7.37,53.8,5.98,41.3,4.59,192.0,95,67.0,44.0,240,243,-3.23,-29.1,4.0,2.24,14.18,6.7,6.8,0.9228,23.3,2.0,1,0.1111,7,0.7778,2,0.2222,0,7.0,25,2.78,39,4.33,0.1333,293,32.56,293,2,0.22,19,0,0,0,2.65,1.7,11.72,,11.72,7.51,0.641,0.08,11.08,1.36,0,0,0,0,0,,,,,,0,0,0,39,25,293,2
238,Tory Horton,WR,WR96,SEA,SEA,8,7,65.1,8.14,58.6,7.32,52.1,6.51,174.0,96,60.0,64.0,224,212,-2.46,-19.7,4.0,0.0,18.98,6.6,8.7,1.0693,20.8,0.0,1,0.125,4,0.5,3,0.375,0,8.0,13,1.62,22,2.75,0.1058,161,20.12,161,6,0.75,7,0,0,0,5.01,2.96,12.38,,12.38,7.32,0.5909,0.3846,15.32,2.54,0,0,0,0,0,,,,,,0,0,0,22,13,161,5
246,Isaiah Williams,WR,WR97,NYJ,NYJ,15,9,60.7,4.05,47.7,3.18,34.7,2.31,297.0,97,119.0,-51.0,259,273,-6.55,-98.3,4.0,0.0,9.68,1.6,4.43,1.0947,11.3,0.0,0,0.0,13,0.8667,2,0.1333,0,29.0,29,1.93,39,2.6,0.0877,227,15.13,227,2,0.13,11,0,0,0,2.09,1.56,7.83,11.33,7.42,5.36,0.7222,0.0,3.39,4.58,0,1,0,0,0,0.0,0.0,6.0,,0.0,3,34,0,36,26,193,0
247,Cedric Tillman,WR,WR98,CLE,CLE,12,12,60.0,5.0,49.5,4.12,39.0,3.25,257.0,98,100.0,-10.0,254,256,-5.6,-67.2,4.0,1.51,10.0,3.3,4.59,0.9176,16.2,0.0,0,0.0,10,0.8333,1,0.0833,0,18.0,21,1.75,39,3.25,0.1051,270,22.5,270,2,0.17,13,0,0,0,2.86,1.54,12.86,,12.86,6.92,0.5385,0.0952,11.87,2.95,0,0,0,0,0,,,,,,0,0,0,39,21,270,2
253,Demarcus Robinson,WR,WR99,SF,SF,14,14,58.2,4.16,47.2,3.37,36.2,2.59,291.0,99,116.0,-38.0,261,269,-6.44,-90.2,4.0,0.18,6.75,4.75,3.0,0.7227,10.3,0.0,0,0.0,13,0.9286,1,0.0714,0,33.0,23,1.64,36,2.57,0.0758,282,20.14,282,1,0.07,15,0,0,1,2.53,1.62,12.26,6.0,12.55,7.89,0.6286,0.0435,13.49,1.64,0,0,0,0,0,,,,,,1,6,0,35,22,276,1
255,Christian Kirk,WR,WR100,HOU,HOU,11,11,57.9,5.26,43.9,3.99,29.9,2.72,250.0,100,97.0,5.0,271,289,-5.34,-58.7,4.0,1.3,10.4,5.0,4.77,0.9067,16.4,0.7,0,0.0,9,0.8182,1,0.0909,0,16.0,28,2.55,52,4.73,0.1458,239,21.73,239,1,0.09,12,0,0,0,2.07,1.11,8.54,,8.54,4.6,0.5385,0.0357,7.02,4.11,0,0,0,0,0,,,,,,0,0,0,52,28,239,1
256,Malik Nabers,WR,WR101,NYG,NYG,4,4,57.1,14.28,48.1,12.02,39.1,9.78,59.0,101,14.0,197.0,258,255,3.67,14.7,4.0,3.51,30.02,8.05,16.12,1.1292,37.7,3.3,1,0.25,2,0.5,2,0.5,1,2.0,18,4.5,35,8.75,0.2708,271,67.75,271,2,0.5,11,0,0,0,3.17,1.63,15.06,,15.06,7.74,0.5143,0.1111,15.86,2.89,0,0,0,0,0,,,,,,0,0,0,35,18,271,2
258,Rashod Bateman,WR,WR102,BAL,BAL,13,13,55.4,4.26,45.9,3.53,36.4,2.8,286.0,102,114.0,-28.0,263,268,-6.34,-82.4,4.0,0.0,8.86,3.4,4.77,1.1203,17.3,0.0,0,0.0,12,0.9231,1,0.0769,0,17.0,19,1.46,38,2.92,0.1194,224,17.23,224,2,0.15,12,0,0,1,2.92,1.46,11.79,,11.79,5.89,0.5,0.1053,12.32,2.05,0,0,0,0,0,,,,,,0,0,0,38,19,224,2
261,Isaiah Bond,WR,WR103,CLE,CLE,15,15,54.7,3.65,45.7,3.05,36.7,2.45,314.0,103,130.0,-53.0,265,265,-6.95,-104.3,4.0,0.32,8.4,2.7,3.21,0.8791,10.9,0.0,0,0.0,14,0.9333,1,0.0667,0,36.0,23,1.53,49,3.27,0.0927,367,24.47,367,0,0.0,12,0,0,0,2.38,1.12,15.96,5.8,18.78,7.68,0.4091,0.0,17.07,4.39,0,0,0,0,0,,,,,,5,29,0,44,18,338,0
265,Tyreek Hill,WR,WR104,MIA,MIA,4,4,53.5,13.38,43.0,10.75,32.5,8.12,69.0,104,18.0,196.0,274,276,2.77,11.1,4.0,9.41,16.6,14.3,4.01,0.2995,16.9,8.0,0,0.0,1,0.25,3,0.75,0,18.0,21,5.25,29,7.25,0.2388,265,66.25,265,1,0.25,17,0,0,0,2.55,1.84,12.62,,12.62,9.14,0.7241,0.0476,13.76,2.71,0,0,0,0,0,,,,,,0,0,0,29,21,265,1
267,Josh Palmer,WR,WR105,BUF,BUF,12,12,52.3,4.36,41.3,3.44,30.3,2.52,281.0,105,110.0,-14.0,277,286,-6.24,-74.9,4.0,1.23,7.87,3.9,3.06,0.7013,11.1,1.1,0,0.0,11,0.9167,1,0.0833,0,35.0,22,1.83,37,3.08,0.1024,303,25.25,303,0,0.0,14,0,0,0,2.38,1.41,13.77,,13.77,8.19,0.5946,0.0,11.46,2.45,0,0,0,0,0,,,,,,0,0,0,37,22,303,0
269,Brandin Cooks,WR,WR106,BUF,NO/BUF,13,13,51.9,3.99,39.9,3.07,27.9,2.15,299.0,106,121.0,-30.0,281,298,-6.61,-85.9,4.0,0.26,5.56,3.6,3.64,0.9123,14.1,0.0,0,0.0,12,0.9231,1,0.0769,0,19.0,24,1.85,36,2.77,0.0879,279,21.46,279,0,0.0,14,0,0,0,2.16,1.44,11.62,,11.62,7.75,0.6667,0.0,14.33,1.79,0,0,0,0,0,,,,,,0,0,0,36,24,279,0
270,Tim Patrick,WR,WR107,JAX,JAX,13,13,51.7,3.98,44.2,3.4,36.7,2.82,300.0,107,122.0,-30.0,269,265,-6.62,-86.1,4.0,0.0,10.72,2.1,5.7,1.4327,18.8,0.0,0,0.0,11,0.8462,3,0.2308,0,9.0,15,1.15,24,1.85,0.062,187,14.38,187,3,0.23,10,0,0,0,3.45,2.15,12.47,,12.47,7.79,0.625,0.2,10.75,3.6,0,0,0,0,0,,,,,,0,0,0,24,15,187,3
271,Luke McCaffrey,WR,WR108,WAS,WAS,9,7,51.3,5.7,45.8,5.09,40.3,4.48,238.0,108,91.0,33.0,264,250,-4.9,-44.1,4.0,0.0,11.16,5.4,5.22,0.9159,14.6,0.0,0,0.0,6,0.6667,3,0.3333,0,23.0,11,1.22,15,1.67,0.0678,203,22.56,203,3,0.33,6,0,0,1,4.66,3.42,18.45,,18.45,13.53,0.7333,0.2727,14.53,6.27,0,0,0,0,0,,,,,,0,0,0,15,11,203,3
272,Jaylin Lane,WR,WR109,WAS,WAS,15,13,51.2,3.41,43.2,2.88,35.2,2.35,326.0,109,135.0,-54.0,272,271,-7.19,-107.8,4.0,0.0,6.48,2.6,2.83,0.8279,9.0,0.0,0,0.0,15,1.0,1,0.0667,0,34.0,17,1.13,33,2.2,0.0826,232,15.47,232,2,0.13,10,0,0,0,3.01,1.55,13.65,7.0,14.06,7.03,0.5,0.0,13.34,2.44,0,0,0,0,0,,,,,,1,7,0,32,16,225,0
274,Jahan Dotson,WR,WR110,PHI,PHI,15,14,50.2,3.35,41.2,2.75,32.2,2.15,330.0,110,136.0,-56.0,278,277,-7.25,-108.8,4.0,0.0,8.14,2.2,3.48,1.0401,11.0,0.0,0,0.0,14,0.9333,1,0.0667,0,35.0,18,1.2,36,2.4,0.0833,262,17.47,262,1,0.07,10,0,0,0,2.79,1.39,14.56,,14.56,7.28,0.5,0.0556,15.42,2.78,0,0,0,0,0,,,,,,0,0,0,36,18,262,1
